Index,Value
0,21.9
1,22.7
2,25.7
3,25.0
4,25.7
5,27.5
6,23.3
7,23.0
8,21.7
9,14.1
10,14.0
11,14.2
12,12.5
13,13.0
14,13.3
15,12.5
16,11.2
17,10.1
18,8.8
19,10.0
20,13.4
21,17.3
22,22.2
23,21.8
24,20.2
25,18.9
26,17.5
27,17.6
28,17.9
29,16.5
30,16.3
31,16.3
32,15.7
33,16.7
34,16.2
35,18.9
36,19.9
37,20.7
38,21.5
39,21.9
40,23.4
41,29.7
42,25.4
43,25.0
44,24.8
45,24.3
46,22.8
47,22.1
48,21.5
49,18.3
50,17.0
51,17.3
52,16.6
53,15.2
54,13.7
55,12.3
56,10.0
57,7.5
58,6.2
59,6.5
60,5.6
61,5.9
62,7.0
63,9.5
64,11.4
65,12.1
66,11.4
67,11.3
68,11.1
69,10.3
70,8.6
71,10.7
72,8.9
73,8.2
74,8.2
75,7.9
76,8.7
77,10.5
78,13.7
79,14.6
80,11.6
81,9.8
82,10.3
83,11.4
84,11.1
85,10.5
86,8.2
87,9.2
88,11.4
89,12.1
90,10.6
91,11.3
92,11.2
93,11.5
94,12.0
95,14.4
96,14.5
97,14.1
98,14.2
99,14.5
100,15.4
101,15.6
102,15.1
103,12.8
104,12.4
105,11.9
106,11.9
107,11.6
108,11.6
109,12.5
110,14.8
111,16.1
112,16.2
113,17.4
114,17.6
115,16.2
116,14.2
117,15.5
118,16.1
119,17.0
120,17.5
121,19.0
122,19.3
123,20.5
124,24.6
125,24.0
126,21.1
127,20.7
128,20.1
129,18.1
130,18.1
131,18.2
132,15.2
133,16.4
134,14.6
135,14.2
136,13.2
137,13.7
138,13.7
139,14.1
140,17.0
141,18.2
142,16.0
143,16.1
144,16.3
145,11.9
146,11.0
147,11.1
148,11.7
149,11.8
150,11.7
151,11.8
152,13.4
153,12.5
154,11.9
155,10.9
156,9.4
157,7.4
158,5.3
159,5.6
160,5.5
161,5.2
162,4.4
163,4.0
164,3.6
165,3.5
166,4.3
167,3.5
168,3.5
169,3.7
170,4.1
171,4.2
172,3.6
173,3.2
174,3.2
175,3.3
176,3.9
177,3.6
178,3.4
179,3.2
180,3.6
181,3.7
182,3.7
183,3.8
184,4.2
185,4.6
186,5.0
187,5.4
188,5.4
189,4.7
190,5.1
191,5.1
192,4.8
193,4.6
194,4.6
195,4.5
196,4.2
197,4.0
198,3.9
199,4.4
200,6.3
201,5.9
202,5.8
203,6.1
204,6.7
205,5.7
206,5.6
207,7.2
208,7.7
209,8.2
210,7.2
211,7.8
212,9.9
213,11.6
214,12.2
215,12.3
216,12.5
217,12.7
218,10.6
219,10.7
220,12.2
221,13.2
222,13.6
223,13.7
224,14.0
225,15.5
226,16.0
227,15.2
228,13.8
229,14.6
230,13.5
231,12.2
232,12.2
233,13.7
234,12.9
235,13.6
236,17.5
237,16.4
238,13.1
239,13.8
240,15.8
241,16.9
242,20.0
243,17.0
244,16.1
245,19.6
246,15.0
247,12.1
248,10.0
249,8.4
250,7.6
251,8.3
252,8.6
253,9.6
254,10.2
255,11.9
256,12.5
257,12.4
258,13.1
259,13.3
260,12.9
261,13.1
262,12.9
263,13.0
264,12.9
265,13.0
266,13.9
267,14.2
268,14.6
269,15.5
270,15.4
271,16.2
272,15.4
273,14.2
274,14.9
275,15.5
276,15.6
277,14.9
278,17.4
279,17.7
280,17.6
281,17.9
282,18.9
283,18.5
284,17.8
285,16.6
286,16.8
287,17.8
288,17.4
289,17.6
290,18.4
291,18.9
292,19.6
293,19.9
294,20.6
295,21.7
296,19.4
297,18.9
298,18.2
299,17.9
300,19.8
301,17.5
302,17.4
303,18.1
304,20.0
305,19.3
306,19.0
307,21.1
308,21.4
309,22.5
310,23.2
311,24.3
312,24.4
313,23.9
314,24.1
315,25.7
316,25.6
317,27.7
318,27.2
319,15.2
320,14.1
321,14.4
322,14.1
323,13.9
324,14.3
325,14.5
326,15.5
327,16.4
328,17.6
329,17.4
330,9.0
331,7.9
332,9.6
333,10.0
334,9.0
335,5.7
336,5.3
337,5.4
338,6.0
339,5.5
340,4.0
341,4.7
342,4.3
343,5.8
344,5.0
345,5.4
346,6.0
347,5.3
348,5.3
349,5.7
350,6.9
351,7.2
352,6.5
353,5.9
354,5.0
355,5.1
356,5.9
357,5.9
358,4.5
359,4.2
360,4.4
361,3.9
362,4.2
363,5.7
364,7.1
365,7.1
366,6.8
367,5.4
368,4.7
369,4.7
370,4.5
371,5.3
372,5.1
373,3.3
374,2.3
375,2.5
376,3.1
377,3.4
378,3.8
379,3.9
380,3.9
381,4.2
382,4.3
383,4.0
384,3.4
385,3.0
386,3.1
387,3.0
388,3.6
389,5.8
390,5.1
391,4.5
392,1.5
393,1.7
394,2.4
395,2.8
396,2.3
397,3.9
398,4.0
399,3.2
400,3.3
401,3.7
402,3.7
403,4.2
404,3.8
405,4.1
406,4.3
407,4.3
408,3.9
409,4.9
410,4.2
411,4.9
412,5.0
413,4.9
414,4.4
415,4.4
416,4.4
417,5.4
418,4.9
419,6.4
420,6.2
421,6.9
422,8.2
423,12.0
424,5.9
425,4.7
426,5.7
427,6.4
428,6.6
429,4.0
430,3.7
431,4.0
432,4.8
433,5.3
434,5.5
435,7.0
436,8.5
437,10.7
438,12.8
439,12.5
440,10.8
441,9.7
442,10.1
443,11.0
444,9.0
445,8.6
446,9.1
447,10.5
448,9.8
449,6.9
450,6.0
451,5.3
452,5.1
453,5.0
454,5.3
455,4.9
456,4.9
457,5.0
458,4.9
459,5.2
460,5.5
461,6.3
462,6.0
463,6.5
464,6.8
465,7.5
466,7.7
467,6.0
468,6.7
469,7.2
470,6.7
471,6.3
472,6.8
473,7.3
474,6.7
475,6.6
476,5.6
477,4.7
478,4.0
479,3.6
480,3.0
481,2.2
482,1.9
483,1.8
484,1.8
485,1.8
486,1.8
487,1.9
488,2.0
489,1.9
490,2.1
491,2.7
492,3.2
493,3.4
494,3.6
495,3.9
496,3.8
497,3.9
498,3.3
499,3.3
500,3.3
501,3.3
502,3.1
503,2.9
504,2.3
505,1.9
506,1.9
507,1.8
508,1.7
509,2.2
510,3.2
511,2.4
512,2.1
513,2.2
514,2.8
515,3.5
516,3.8
517,3.8
518,3.6
519,4.3
520,4.8
521,4.4
522,3.9
523,4.0
524,3.8
525,4.0
526,4.1
527,5.1
528,5.4
529,5.7
530,5.8
531,5.7
532,5.8
533,6.1
534,6.2
535,6.6
536,6.2
537,5.0
538,4.1
539,3.6
540,4.3
541,4.9
542,5.3
543,6.7
544,7.1
545,6.0
546,7.4
547,8.6
548,9.3
549,10.7
550,7.8
551,4.5
552,6.0
553,7.5
554,3.6
555,4.7
556,6.1
557,6.9
558,9.2
559,10.9
560,11.4
561,12.3
562,14.1
563,15.6
564,15.0
565,15.1
566,14.8
567,15.2
568,15.8
569,18.6
570,19.2
571,22.0
572,20.7
573,17.5
574,14.7
575,13.2
576,12.4
577,11.4
578,9.6
579,7.0
580,5.1
581,4.2
582,4.2
583,4.3
584,4.3
585,4.4
586,3.6
587,2.7
588,1.6
589,1.3
590,1.4
591,1.3
592,2.1
593,3.5
594,3.5
595,3.1
596,3.4
597,3.2
598,3.1
599,2.9
600,2.6
601,2.1
602,1.6
603,1.3
604,1.8
605,2.6
606,2.8
607,3.6
608,3.5
609,3.6
610,3.5
611,3.3
612,2.8
613,3.1
614,2.6
615,2.5
616,3.2
617,3.6
618,4.3
619,4.1
620,4.1
621,3.6
622,3.2
623,3.0
624,2.9
625,2.8
626,3.0
627,3.0
628,3.1
629,2.9
630,3.2
631,3.4
632,3.6
633,3.6
634,4.0
635,4.2
636,4.1
637,3.8
638,4.2
639,4.9
640,5.6
641,5.6
642,7.6
643,8.0
644,6.9
645,5.7
646,4.9
647,4.4
648,4.2
649,4.7
650,4.8
651,6.7
652,7.1
653,6.8
654,8.5
655,6.8
656,6.2
657,6.3
658,4.2
659,6.6
660,5.4
661,5.1
662,5.4
663,7.5
664,11.3
665,9.9
666,8.6
667,15.7
668,10.0
669,11.8
670,13.0
671,12.0
672,12.7
673,14.9
674,19.7
675,20.4
676,15.1
677,11.5
678,9.7
679,9.5
680,9.2
681,9.9
682,9.8
683,7.3
684,5.3
685,4.5
686,4.6
687,5.3
688,6.3
689,5.7
690,5.4
691,7.0
692,6.6
693,6.5
694,7.1
695,8.4
696,8.7
697,8.4
698,7.1
699,6.7
700,6.5
701,5.9
702,6.2
703,5.7
704,5.4
705,5.8
706,6.3
707,6.7
708,7.4
709,8.1
710,9.0
711,9.0
712,9.3
713,9.4
714,8.9
715,7.7
716,6.0
717,6.5
718,5.8
719,5.4
720,5.4
721,6.3
722,5.3
723,4.9
724,4.6
725,4.7
726,4.6
727,4.4
728,5.0
729,4.9
730,4.2
731,3.3
732,3.2
733,3.4
734,2.5
735,2.2
736,2.9
737,3.5
738,3.7
739,3.7
740,3.4
741,3.2
742,3.2
743,3.4
744,3.2
745,3.3
746,3.5
747,3.6
748,3.7
749,4.3
750,4.1
751,3.8
752,3.4
753,3.5
754,3.0
755,2.9
756,2.9
757,3.4
758,3.8
759,4.5
760,5.2
761,6.6
762,6.7
763,7.0
764,6.0
765,5.2
766,4.4
767,4.1
768,4.2
769,5.4
770,5.7
771,5.4
772,5.1
773,5.0
774,5.2
775,5.3
776,5.3
777,4.8
778,4.2
779,4.3
780,4.6
781,4.7
782,4.9
783,5.9
784,6.0
785,7.1
786,7.6
787,7.6
788,8.3
789,8.6
790,7.7
791,6.2
792,5.5
793,6.2
794,5.7
795,4.6
796,6.8
797,6.2
798,5.5
799,6.1
800,5.2
801,5.0
802,5.2
803,5.9
804,4.9
805,5.1
806,6.8
807,6.2
808,7.4
809,7.1
810,10.9
811,14.8
812,13.2
813,14.4
814,15.5
815,14.7
816,14.1
817,12.8
818,12.6
819,12.2
820,13.3
821,13.8
822,13.7
823,12.6
824,12.3
825,11.0
826,9.3
827,9.2
828,9.5
829,6.0
830,5.2
831,5.8
832,8.6
833,7.0
834,5.0
835,4.7
836,4.8
837,5.7
838,6.5
839,9.7
840,9.2
841,8.2
842,8.3
843,7.7
844,8.7
845,8.4
846,7.3
847,6.9
848,6.8
849,6.6
850,6.9
851,7.0
852,6.6
853,6.1
854,6.2
855,6.4
856,5.7
857,5.2
858,5.1
859,5.7
860,6.0
861,6.1
862,6.1
863,6.0
864,5.8
865,6.0
866,6.0
867,6.1
868,5.6
869,5.3
870,4.8
871,4.8
872,5.2
873,5.0
874,4.8
875,5.0
876,5.1
877,5.0
878,4.9
879,5.1
880,5.3
881,4.6
882,4.7
883,4.5
884,4.3
885,4.6
886,4.4
887,4.2
888,4.1
889,4.0
890,3.8
891,3.9
892,4.2
893,4.5
894,4.6
895,4.4
896,4.0
897,4.2
898,4.6
899,4.6
900,4.7
901,4.8
902,4.8
903,5.2
904,5.9
905,6.8
906,6.0
907,4.9
908,4.9
909,4.7
910,4.8
911,4.9
912,4.3
913,4.3
914,4.4
915,4.2
916,5.2
917,4.7
918,4.8
919,4.8
920,5.0
921,4.9
922,4.3
923,4.3
924,4.6
925,4.6
926,5.3
927,6.7
928,7.5
929,7.7
930,8.2
931,7.8
932,8.0
933,8.4
934,7.9
935,7.7
936,7.0
937,6.1
938,6.9
939,7.4
940,6.9
941,6.9
942,6.0
943,5.8
944,6.2
945,6.9
946,6.2
947,5.9
948,5.7
949,5.8
950,6.8
951,14.0
952,12.4
953,13.6
954,11.0
955,9.6
956,8.5
957,8.3
958,8.2
959,8.6
960,9.0
961,11.2
962,11.8
963,12.9
964,10.5
965,8.7
966,8.1
967,7.5
968,6.3
969,6.3
970,6.0
971,6.1
972,6.0
973,6.0
974,6.8
975,7.3
976,7.3
977,5.6
978,6.2
979,7.0
980,7.0
981,6.7
982,6.9
983,6.8
984,6.9
985,6.9
986,7.1
987,7.2
988,7.3
989,7.0
990,6.6
991,6.5
992,6.0
993,5.4
994,5.7
995,7.8
996,6.4
997,7.2
998,6.8
999,6.7
1000,6.3
1001,6.1
1002,6.1
1003,5.8
1004,6.5
1005,6.1
1006,5.7
1007,6.4
1008,6.3
1009,6.0
1010,6.2
1011,6.8
1012,6.6
1013,6.3
1014,5.9
1015,5.2
1016,5.2
1017,5.2
1018,5.0
1019,5.0
1020,5.5
1021,5.8
1022,6.1
1023,6.0
1024,5.8
1025,5.9
1026,6.1
1027,6.2
1028,6.0
1029,6.0
1030,5.9
1031,6.0
1032,5.9
1033,5.8
1034,5.7
1035,5.4
1036,5.1
1037,5.0
1038,5.0
1039,4.7
1040,4.7
1041,4.8
1042,4.8
1043,4.7
1044,4.6
1045,4.8
1046,5.0
1047,5.3
1048,5.7
1049,5.5
1050,5.3
1051,5.3
1052,5.7
1053,5.9
1054,6.0
1055,6.1
1056,5.9
1057,5.9
1058,5.7
1059,5.5
1060,5.4
1061,5.3
1062,5.2
1063,5.1
1064,5.0
1065,5.0
1066,4.8
1067,4.8
1068,4.7
1069,5.2
1070,5.3
1071,5.7
1072,5.6
1073,5.5
1074,5.3
1075,4.7
1076,4.7
1077,4.3
1078,3.9
1079,3.7
1080,3.7
1081,3.8
1082,4.1
1083,4.4
1084,4.6
1085,4.3
1086,3.9
1087,3.8
1088,3.5
1089,3.4
1090,3.5
1091,3.6
1092,3.8
1093,3.7
1094,3.5
1095,3.2
1096,3.0
1097,3.3
1098,3.1
1099,3.0
1100,2.8
1101,3.0
1102,3.2
1103,3.3
1104,3.1
1105,3.1
1106,3.0
1107,3.2
1108,3.3
1109,3.3
1110,3.3
1111,3.4
1112,3.4
1113,3.6
1114,3.8
1115,4.1
1116,4.2
1117,4.1
1118,4.6
1119,4.9
1120,5.7
1121,8.2
1122,8.0
1123,8.4
1124,7.6
1125,7.2
1126,7.2
1127,6.7
1128,7.3
1129,7.3
1130,7.6
1131,8.9
1132,9.0
1133,6.8
1134,5.8
1135,4.8
1136,4.1
1137,4.8
1138,4.1
1139,4.2
1140,4.9
1141,4.4
1142,5.4
1143,5.8
1144,8.8
1145,9.1
1146,9.2
1147,10.2
1148,9.1
1149,9.9
1150,8.0
1151,8.2
1152,8.4
1153,8.5
1154,8.6
1155,8.7
1156,10.1
1157,5.7
1158,4.5
1159,4.0
1160,3.6
1161,3.6
1162,3.5
1163,3.7
1164,3.7
1165,4.7
1166,7.5
1167,6.2
1168,9.7
1169,7.7
1170,8.7
1171,11.1
1172,18.6
1173,23.8
1174,26.3
1175,26.3
1176,26.8
1177,26.4
1178,24.9
1179,20.5
1180,18.5
1181,20.8
1182,24.2
1183,28.1
1184,30.6
1185,29.7
1186,30.7
1187,31.5
1188,33.2
1189,33.6
1190,33.5
1191,32.1
1192,27.5
1193,27.5
1194,40.0
1195,42.7
1196,41.5
1197,42.1
1198,38.3
1199,38.3
1200,38.5
1201,39.9
1202,37.2
1203,38.8
1204,36.4
1205,33.8
1206,32.7
1207,28.9
1208,29.0
1209,30.5
1210,26.7
1211,27.6
1212,26.9
1213,26.1
1214,25.0
1215,20.7
1216,17.6
1217,19.5
1218,24.5
1219,27.8
1220,25.3
1221,28.3
1222,23.8
1223,22.1
1224,19.4
1225,16.5
1226,20.6
1227,21.0
1228,18.3
1229,18.3
1230,17.0
1231,14.3
1232,13.8
1233,12.7
1234,12.9
1235,13.1
1236,14.0
1237,14.4
1238,12.2
1239,11.1
1240,10.0
1241,9.2
1242,8.4
1243,7.8
1244,9.2
1245,13.1
1246,13.1
1247,15.2
1248,14.0
1249,14.4
1250,17.1
1251,20.0
1252,21.1
1253,22.7
1254,20.9
1255,19.8
1256,17.5
1257,14.0
1258,17.6
1259,16.1
1260,13.8
1261,15.3
1262,14.3
1263,12.1
1264,10.3
1265,8.9
1266,7.0
1267,6.4
1268,6.4
1269,6.2
1270,6.1
1271,5.4
1272,4.8
1273,4.4
1274,4.8
1275,4.6
1276,4.9
1277,5.0
1278,4.9
1279,4.9
1280,4.5
1281,4.8
1282,4.5
1283,4.0
1284,4.1
1285,4.6
1286,4.6
1287,4.5
1288,5.4
1289,7.2
1290,8.7
1291,10.8
1292,14.0
1293,17.6
1294,17.0
1295,20.1
1296,26.9
1297,13.4
1298,8.0
1299,8.3
1300,11.2
1301,9.7
1302,7.8
1303,4.1
1304,2.6
1305,3.0
1306,2.9
1307,3.4
1308,2.6
1309,2.7
1310,3.1
1311,4.7
1312,5.2
1313,5.5
1314,5.5
1315,5.1
1316,4.6
1317,4.8
1318,5.7
1319,6.4
1320,6.7
1321,6.4
1322,7.0
1323,7.3
1324,7.8
1325,8.1
1326,8.0
1327,8.0
1328,7.4
1329,7.6
1330,7.6
1331,7.0
1332,7.0
1333,7.8
1334,8.5
1335,9.1
1336,9.5
1337,10.2
1338,10.2
1339,10.1
1340,11.8
1341,13.9
1342,16.0
1343,17.0
1344,18.1
1345,19.1
1346,20.8
1347,21.1
1348,17.9
1349,15.4
1350,12.9
1351,14.2
1352,12.8
1353,8.8
1354,9.9
1355,9.9
1356,9.9
1357,9.1
1358,8.9
1359,9.6
1360,10.0
1361,11.5
1362,12.8
1363,13.9
1364,16.4
1365,19.6
1366,21.3
1367,22.0
1368,22.2
1369,21.5
1370,20.9
1371,21.6
1372,20.8
1373,19.2
1374,17.8
1375,17.5
1376,18.5
1377,18.6
1378,17.0
1379,16.7
1380,16.5
1381,17.2
1382,20.0
1383,23.4
1384,23.2
1385,21.0
1386,19.8
1387,20.5
1388,21.4
1389,21.1
1390,17.4
1391,18.8
1392,21.6
1393,23.1
1394,23.0
1395,21.7
1396,18.8
1397,18.6
1398,14.0
1399,13.0
1400,14.8
1401,10.0
1402,10.4
1403,12.1
1404,12.4
1405,7.5
1406,6.1
1407,4.4
1408,4.1
1409,4.2
1410,4.3
1411,4.8
1412,4.9
1413,4.0
1414,3.6
1415,3.5
1416,3.5
1417,3.5
1418,3.5
1419,3.6
1420,3.4
1421,3.5
1422,3.4
1423,3.8
1424,3.9
1425,4.1
1426,4.4
1427,4.2
1428,4.3
1429,4.5
1430,5.7
1431,5.7
1432,5.8
1433,7.1
1434,6.8
1435,8.3
1436,9.0
1437,8.6
1438,8.4
1439,6.9
1440,7.7
1441,6.6
1442,6.3
1443,6.0
1444,6.6
1445,5.3
1446,5.2
1447,5.6
1448,6.8
1449,7.5
1450,8.0
1451,9.4
1452,10.3
1453,11.8
1454,12.8
1455,12.7
1456,12.2
1457,10.7
1458,10.4
1459,9.5
1460,8.9
1461,8.8
1462,9.1
1463,9.6
1464,10.4
1465,11.1
1466,12.4
1467,12.8
1468,13.1
1469,12.9
1470,10.9
1471,10.4
1472,10.2
1473,11.2
1474,12.7
1475,12.3
1476,12.0
1477,10.8
1478,9.9
1479,10.1
1480,8.0
1481,6.1
1482,4.8
1483,4.3
1484,4.1
1485,3.9
1486,4.3
1487,4.7
1488,4.4
1489,4.4
1490,4.2
1491,4.1
1492,4.2
1493,4.4
1494,4.2
1495,4.2
1496,3.4
1497,3.4
1498,3.1
1499,3.2
1500,3.5
1501,3.6
1502,4.0
1503,7.2
1504,7.1
1505,9.5
1506,8.7
1507,8.5
1508,8.1
1509,8.9
1510,9.3
1511,11.1
1512,12.2
1513,10.1
1514,9.0
1515,8.6
1516,8.0
1517,7.0
1518,6.9
1519,7.7
1520,7.1
1521,6.1
1522,4.7
1523,4.6
1524,3.4
1525,4.1
1526,5.0
1527,7.4
1528,7.9
1529,8.8
1530,8.3
1531,4.9
1532,8.1
1533,8.4
1534,7.4
1535,7.7
1536,6.2
1537,5.1
1538,4.8
1539,5.1
1540,4.3
1541,4.3
1542,4.0
1543,4.0
1544,4.5
1545,4.4
1546,4.6
1547,4.9
1548,4.6
1549,4.6
1550,4.6
1551,4.7
1552,5.1
1553,5.3
1554,4.8
1555,4.6
1556,4.0
1557,6.1
1558,6.8
1559,6.3
1560,8.6
1561,8.1
1562,6.2
1563,1.8
1564,2.6
1565,4.2
1566,3.7
1567,4.2
1568,4.3
1569,5.7
1570,5.4
1571,5.5
1572,6.3
1573,6.6
1574,6.7
1575,6.8
1576,7.1
1577,8.1
1578,9.8
1579,11.8
1580,13.8
1581,14.5
1582,14.7
1583,14.2
1584,14.4
1585,13.6
1586,13.3
1587,13.0
1588,12.4
1589,12.8
1590,13.2
1591,12.3
1592,9.4
1593,7.8
1594,8.7
1595,7.7
1596,7.1
1597,7.8
1598,9.2
1599,9.1
1600,15.6
1601,14.8
1602,17.1
1603,18.9
1604,18.4
1605,19.0
1606,23.6
1607,16.0
1608,20.7
1609,23.8
1610,20.4
1611,20.8
1612,17.6
1613,18.5
1614,24.5
1615,28.2
1616,26.4
1617,27.2
1618,26.9
1619,26.8
1620,26.9
1621,25.7
1622,23.6
1623,20.1
1624,18.2
1625,19.0
1626,19.4
1627,20.5
1628,21.7
1629,22.0
1630,22.1
1631,21.5
1632,19.6
1633,17.7
1634,15.6
1635,14.9
1636,13.3
1637,11.6
1638,11.8
1639,12.7
1640,14.3
1641,17.8
1642,21.7
1643,21.7
1644,21.1
1645,19.2
1646,15.8
1647,13.7
1648,12.8
1649,11.4
1650,9.4
1651,7.6
1652,7.9
1653,7.7
1654,4.2
1655,2.5
1656,2.4
1657,2.7
1658,3.2
1659,3.5
1660,3.8
1661,4.0
1662,3.8
1663,3.3
1664,2.6
1665,1.9
1666,1.9
1667,2.5
1668,2.3
1669,2.4
1670,2.6
1671,3.0
1672,4.4
1673,3.7
1674,3.9
1675,4.4
1676,4.0
1677,3.6
1678,4.5
1679,6.1
1680,7.0
1681,8.9
1682,9.7
1683,8.3
1684,7.4
1685,5.7
1686,4.2
1687,3.0
1688,3.0
1689,2.9
1690,2.8
1691,2.5
1692,2.5
1693,2.6
1694,2.7
1695,2.8
1696,7.5
1697,3.8
1698,5.3
1699,7.1
1700,5.7
1701,6.0
1702,7.6
1703,7.1
1704,7.8
1705,8.8
1706,10.0
1707,9.8
1708,8.5
1709,12.0
1710,10.1
1711,6.9
1712,5.4
1713,5.2
1714,4.3
1715,3.9
1716,3.9
1717,4.4
1718,8.8
1719,7.9
1720,7.2
1721,7.3
1722,8.5
1723,6.8
1724,7.1
1725,7.0
1726,6.2
1727,5.7
1728,4.4
1729,3.5
1730,3.2
1731,3.0
1732,2.9
1733,3.1
1734,3.2
1735,3.6
1736,3.5
1737,3.4
1738,3.4
1739,3.4
1740,3.2
1741,3.0
1742,2.7
1743,2.2
1744,1.9
1745,1.8
1746,1.8
1747,2.4
1748,3.2
1749,4.1
1750,4.2
1751,3.4
1752,2.8
1753,2.6
1754,2.2
1755,2.5
1756,2.9
1757,3.2
1758,3.6
1759,3.8
1760,4.0
1761,4.5
1762,4.5
1763,4.5
1764,4.5
1765,4.3
1766,4.4
1767,4.7
1768,4.7
1769,4.6
1770,4.3
1771,4.6
1772,5.6
1773,5.0
1774,5.1
1775,4.8
1776,6.2
1777,8.0
1778,8.6
1779,7.9
1780,9.7
1781,9.3
1782,10.1
1783,7.9
1784,6.9
1785,6.2
1786,6.9
1787,7.1
1788,7.1
1789,8.0
1790,7.2
1791,8.0
1792,6.7
1793,8.9
1794,10.3
1795,9.9
1796,9.5
1797,9.9
1798,9.5
1799,6.7
1800,5.9
1801,6.1
1802,5.6
1803,6.0
1804,6.6
1805,8.6
1806,9.1
1807,10.5
1808,11.6
1809,13.5
1810,14.9
1811,14.1
1812,11.6
1813,8.2
1814,9.0
1815,9.4
1816,8.1
1817,6.8
1818,6.4
1819,6.4
1820,6.2
1821,6.0
1822,5.7
1823,5.4
1824,5.4
1825,4.9
1826,4.2
1827,3.8
1828,3.6
1829,3.5
1830,3.2
1831,3.1
1832,3.0
1833,2.9
1834,2.8
1835,2.8
1836,2.8
1837,2.8
1838,2.6
1839,2.4
1840,2.3
1841,2.7
1842,2.8
1843,3.0
1844,3.1
1845,3.2
1846,3.4
1847,3.4
1848,3.3
1849,3.2
1850,3.2
1851,3.3
1852,3.3
1853,3.4
1854,3.2
1855,3.0
1856,3.1
1857,2.8
1858,2.4
1859,3.6
1860,4.0
1861,3.4
1862,4.9
1863,4.7
1864,5.2
1865,5.6
1866,6.1
1867,5.9
1868,7.0
1869,7.5
1870,11.6
1871,9.9
1872,8.1
1873,7.5
1874,7.3
1875,8.4
1876,8.9
1877,10.4
1878,8.4
1879,7.5
1880,8.0
1881,8.6
1882,8.6
1883,8.9
1884,9.7
1885,10.2
1886,9.8
1887,9.6
1888,9.7
1889,10.2
1890,10.6
1891,10.0
1892,10.5
1893,11.7
1894,11.8
1895,13.0
1896,15.9
1897,15.2
1898,13.4
1899,11.8
1900,11.1
1901,10.9
1902,11.8
1903,11.9
1904,11.9
1905,10.9
1906,8.5
1907,6.8
1908,6.4
1909,6.4
1910,5.8
1911,5.6
1912,5.9
1913,6.5
1914,7.1
1915,7.4
1916,7.4
1917,7.4
1918,7.2
1919,7.0
1920,6.6
1921,6.9
1922,8.5
1923,9.4
1924,8.9
1925,8.0
1926,7.4
1927,8.1
1928,9.6
1929,10.4
1930,10.0
1931,10.2
1932,11.5
1933,17.2
1934,15.4
1935,14.7
1936,15.3
1937,9.4
1938,7.4
1939,7.0
1940,6.8
1941,7.0
1942,7.7
1943,8.0
1944,8.2
1945,8.8
1946,9.4
1947,9.7
1948,10.0
1949,10.6
1950,11.4
1951,12.2
1952,13.4
1953,14.3
1954,13.1
1955,11.6
1956,9.6
1957,10.6
1958,9.4
1959,9.0
1960,9.5
1961,9.6
1962,9.5
1963,9.0
1964,8.1
1965,8.4
1966,8.7
1967,9.3
1968,11.1
1969,11.7
1970,10.2
1971,7.5
1972,6.7
1973,6.5
1974,5.8
1975,5.0
1976,5.3
1977,5.1
1978,3.2
1979,2.6
1980,2.5
1981,2.3
1982,2.0
1983,2.7
1984,2.3
1985,2.4
1986,2.3
1987,0.8
1988,0.5
1989,0.8
1990,0.7
1991,1.0
1992,1.3
1993,1.4
1994,0.9
1995,0.7
1996,0.6
1997,0.8
1998,1.2
1999,2.7
2000,3.0
2001,2.9
2002,2.6
2003,1.4
2004,1.5
2005,2.0
2006,2.4
2007,3.1
2008,3.3
2009,2.9
2010,2.9
2011,2.9
2012,3.3
2013,4.8
2014,3.8
2015,3.8
2016,3.0
2017,2.8
2018,3.3
2019,3.8
2020,4.0
2021,4.6
2022,4.5
2023,4.5
2024,5.8
2025,5.7
2026,6.0
2027,5.6
2028,5.1
2029,5.5
2030,6.3
2031,6.1
2032,6.8
2033,6.7
2034,7.0
2035,6.8
2036,7.4
2037,7.7
2038,7.2
2039,5.9
2040,4.9
2041,5.0
2042,7.1
2043,11.6
2044,16.9
2045,18.2
2046,17.7
2047,17.2
2048,13.5
2049,11.2
2050,7.1
2051,5.9
2052,6.7
2053,6.9
2054,6.9
2055,7.4
2056,7.5
2057,7.7
2058,8.0
2059,11.5
2060,16.8
2061,17.8
2062,7.9
2063,2.0
2064,0.9
2065,0.4
2066,0.3
2067,0.8
2068,2.1
2069,2.7
2070,3.1
2071,3.0
2072,3.3
2073,3.5
2074,3.8
2075,3.7
2076,3.7
2077,3.7
2078,5.4
2079,5.3
2080,6.3
2081,5.3
2082,5.5
2083,6.6
2084,6.2
2085,11.6
2086,6.2
2087,5.7
2088,5.6
2089,4.9
2090,5.4
2091,5.5
2092,6.5
2093,9.0
2094,10.8
2095,10.8
2096,8.9
2097,8.5
2098,8.1
2099,8.0
2100,7.6
2101,6.4
2102,6.0
2103,5.6
2104,5.6
2105,5.5
2106,5.3
2107,5.3
2108,5.6
2109,6.7
2110,7.6
2111,7.7
2112,8.9
2113,10.8
2114,8.5
2115,10.5
2116,13.7
2117,13.3
2118,11.8
2119,9.9
2120,9.8
2121,6.9
2122,5.9
2123,6.8
2124,5.9
2125,4.3
2126,4.4
2127,4.9
2128,4.9
2129,9.0
2130,6.0
2131,5.7
2132,5.4
2133,5.4
2134,6.9
2135,9.0
2136,11.0
2137,11.7
2138,10.7
2139,9.8
2140,8.8
2141,7.5
2142,6.1
2143,5.6
2144,4.3
2145,4.2
2146,4.1
2147,4.0
2148,3.8
2149,3.5
2150,3.6
2151,3.6
2152,3.7
2153,3.2
2154,2.9
2155,2.9
2156,3.0
2157,3.1
2158,3.2
2159,3.4
2160,3.4
2161,3.5
2162,3.4
2163,3.3
2164,3.3
2165,3.7
2166,4.0
2167,4.5
2168,4.5
2169,4.2
2170,4.2
2171,4.2
2172,4.1
2173,4.2
2174,4.7
2175,4.8
2176,5.6
2177,6.7
2178,5.9
2179,6.8
2180,7.1
2181,7.1
2182,7.1
2183,8.1
2184,7.0
2185,6.9
2186,7.5
2187,7.8
2188,8.6
2189,9.5
2190,7.8
2191,4.0
2192,4.1
2193,4.2
2194,4.1
2195,5.0
2196,10.2
2197,14.3
2198,13.5
2199,11.3
2200,8.4
2201,5.7
2202,5.7
2203,6.3
2204,7.2
2205,8.0
2206,7.8
2207,7.7
2208,8.3
2209,10.6
2210,13.2
2211,15.4
2212,17.3
2213,17.9
2214,18.1
2215,18.6
2216,19.1
2217,21.5
2218,21.1
2219,22.3
2220,22.9
2221,23.4
2222,24.4
2223,26.6
2224,28.1
2225,30.9
2226,30.7
2227,31.2
2228,26.3
2229,24.3
2230,25.9
2231,27.5
2232,27.2
2233,27.1
2234,29.1
2235,28.8
2236,27.2
2237,26.8
2238,29.2
2239,32.3
2240,34.0
2241,35.0
2242,34.9
2243,33.2
2244,34.2
2245,34.2
2246,36.1
2247,39.5
2248,38.8
2249,37.5
2250,27.8
2251,27.6
2252,26.8
2253,27.6
2254,31.2
2255,24.4
2256,31.3
2257,26.6
2258,22.3
2259,21.2
2260,20.6
2261,20.9
2262,20.3
2263,17.4
2264,18.2
2265,19.2
2266,19.8
2267,20.0
2268,22.0
2269,21.2
2270,21.2
2271,22.5
2272,21.6
2273,20.4
2274,21.6
2275,24.2
2276,21.0
2277,24.5
2278,21.2
2279,15.2
2280,14.1
2281,12.2
2282,12.5
2283,12.3
2284,13.1
2285,13.3
2286,11.3
2287,12.3
2288,12.5
2289,13.7
2290,16.1
2291,16.1
2292,18.0
2293,19.9
2294,18.0
2295,16.9
2296,17.3
2297,19.4
2298,19.4
2299,19.6
2300,20.5
2301,21.6
2302,20.7
2303,22.6
2304,23.6
2305,22.8
2306,20.9
2307,19.7
2308,18.4
2309,17.5
2310,19.8
2311,20.3
2312,19.7
2313,16.2
2314,14.8
2315,14.1
2316,12.7
2317,12.0
2318,11.9
2319,11.1
2320,11.7
2321,11.6
2322,11.3
2323,10.6
2324,9.8
2325,10.4
2326,10.6
2327,11.8
2328,11.7
2329,11.9
2330,11.1
2331,11.3
2332,10.5
2333,6.4
2334,6.3
2335,6.2
2336,4.8
2337,4.5
2338,4.7
2339,4.1
2340,1.8
2341,1.0
2342,0.9
2343,4.4
2344,5.3
2345,4.4
2346,7.3
2347,8.7
2348,9.6
2349,9.9
2350,9.2
2351,9.0
2352,8.8
2353,7.4
2354,7.5
2355,7.5
2356,6.4
2357,6.1
2358,6.2
2359,6.0
2360,5.3
2361,4.9
2362,3.8
2363,3.8
2364,3.9
2365,3.8
2366,3.6
2367,4.4
2368,5.0
2369,4.5
2370,4.3
2371,5.1
2372,5.3
2373,5.3
2374,5.1
2375,5.4
2376,5.2
2377,5.3
2378,4.7
2379,6.5
2380,6.0
2381,5.6
2382,6.2
2383,6.3
2384,6.1
2385,6.2
2386,6.8
2387,6.6
2388,4.6
2389,3.2
2390,4.4
2391,5.5
2392,4.0
2393,3.2
2394,3.2
2395,3.4
2396,2.7
2397,3.3
2398,3.6
2399,2.6
2400,2.6
2401,4.0
2402,3.0
2403,3.7
2404,5.5
2405,5.8
2406,6.0
2407,5.7
2408,5.4
2409,5.3
2410,4.8
2411,4.8
2412,5.1
2413,5.4
2414,5.4
2415,6.7
2416,6.1
2417,5.8
2418,7.1
2419,7.1
2420,7.9
2421,8.2
2422,8.8
2423,8.8
2424,3.1
2425,2.2
2426,3.1
2427,1.9
2428,1.6
2429,2.5
2430,3.8
2431,3.7
2432,4.0
2433,4.3
2434,3.6
2435,3.6
2436,3.7
2437,3.9
2438,3.9
2439,4.0
2440,4.2
2441,4.8
2442,5.1
2443,7.1
2444,5.0
2445,5.1
2446,5.1
2447,6.6
2448,5.9
2449,4.5
2450,3.4
2451,3.4
2452,1.8
2453,2.4
2454,2.9
2455,3.9
2456,3.9
2457,3.6
2458,4.3
2459,4.5
2460,4.4
2461,4.6
2462,5.5
2463,5.0
2464,4.1
2465,4.0
2466,3.7
2467,3.5
2468,3.4
2469,2.6
2470,2.5
2471,2.4
2472,2.7
2473,3.1
2474,3.5
2475,3.4
2476,3.1
2477,2.8
2478,2.3
2479,2.4
2480,2.3
2481,3.0
2482,3.2
2483,2.7
2484,3.1
2485,3.5
2486,3.9
2487,3.9
2488,3.9
2489,4.1
2490,4.5
2491,3.5
2492,1.2
2493,1.7
2494,1.5
2495,1.6
2496,1.5
2497,1.6
2498,2.5
2499,4.0
2500,3.1
2501,3.5
2502,2.1
2503,2.3
2504,2.2
2505,2.4
2506,3.0
2507,1.9
2508,2.3
2509,0.9
2510,0.9
2511,1.0
2512,1.1
2513,1.4
2514,2.7
2515,2.9
2516,3.5
2517,4.8
2518,4.3
2519,4.6
2520,4.9
2521,3.7
2522,4.4
2523,5.5
2524,6.3
2525,7.9
2526,6.9
2527,5.6
2528,4.6
2529,4.7
2530,5.4
2531,5.1
2532,5.5
2533,5.4
2534,4.7
2535,5.7
2536,5.6
2537,5.9
2538,5.7
2539,5.0
2540,4.4
2541,4.1
2542,4.1
2543,3.9
2544,3.6
2545,3.4
2546,3.4
2547,3.4
2548,5.2
2549,4.4
2550,4.3
2551,4.1
2552,4.6
2553,4.5
2554,3.6
2555,3.5
2556,4.8
2557,6.1
2558,5.9
2559,5.0
2560,12.3
2561,24.2
2562,12.4
2563,12.4
2564,11.5
2565,11.2
2566,11.4
2567,13.2
2568,8.3
2569,4.2
2570,3.3
2571,3.7
2572,4.0
2573,5.1
2574,7.4
2575,6.8
2576,6.6
2577,6.4
2578,5.9
2579,6.0
2580,6.2
2581,5.4
2582,6.1
2583,9.9
2584,12.8
2585,10.7
2586,8.4
2587,8.6
2588,9.6
2589,8.1
2590,3.4
2591,2.7
2592,2.3
2593,1.3
2594,1.2
2595,0.8
2596,1.4
2597,1.7
2598,2.7
2599,2.3
2600,2.1
2601,1.9
2602,2.3
2603,1.8
2604,1.7
2605,1.6
2606,1.9
2607,2.2
2608,1.9
2609,2.0
2610,2.2
2611,2.4
2612,2.5
2613,2.7
2614,2.8
2615,2.7
2616,3.2
2617,2.6
2618,2.5
2619,2.8
2620,2.8
2621,2.9
2622,3.0
2623,3.4
2624,4.1
2625,4.0
2626,3.8
2627,3.7
2628,3.5
2629,3.5
2630,3.3
2631,3.4
2632,3.8
2633,4.5
2634,5.1
2635,4.8
2636,4.0
2637,3.6
2638,3.3
2639,3.5
2640,3.5
2641,3.4
2642,2.5
2643,2.7
2644,2.9
2645,2.8
2646,2.8
2647,3.0
2648,2.9
2649,2.6
2650,2.5
2651,2.7
2652,2.6
2653,2.7
2654,3.3
2655,3.7
2656,6.1
2657,7.4
2658,9.0
2659,9.2
2660,8.5
2661,8.5
2662,7.5
2663,7.4
2664,7.1
2665,6.4
2666,5.9
2667,6.6
2668,7.2
2669,8.3
2670,9.1
2671,9.4
2672,10.1
2673,10.4
2674,9.5
2675,9.4
2676,10.3
2677,11.1
2678,12.3
2679,15.1
2680,18.2
2681,15.9
2682,12.9
2683,13.1
2684,13.8
2685,13.4
2686,12.4
2687,11.6
2688,11.1
2689,10.9
2690,10.6
2691,10.3
2692,10.6
2693,11.1
2694,10.7
2695,12.6
2696,14.9
2697,15.0
2698,15.6
2699,14.4
2700,13.4
2701,12.8
2702,12.4
2703,13.0
2704,14.2
2705,13.1
2706,12.7
2707,11.7
2708,11.3
2709,11.4
2710,14.2
2711,13.8
2712,13.0
2713,13.4
2714,12.7
2715,13.8
2716,14.5
2717,16.4
2718,18.3
2719,20.1
2720,16.8
2721,15.6
2722,13.6
2723,16.3
2724,12.1
2725,8.3
2726,2.7
2727,0.8
2728,0.6
2729,0.7
2730,0.7
2731,0.6
2732,0.8
2733,1.8
2734,2.8
2735,2.5
2736,2.9
2737,2.9
2738,3.3
2739,3.4
2740,3.3
2741,3.1
2742,3.1
2743,3.0
2744,3.1
2745,3.0
2746,3.0
2747,3.3
2748,3.0
2749,2.9
2750,2.9
2751,2.9
2752,2.9
2753,2.9
2754,2.9
2755,3.0
2756,3.2
2757,3.8
2758,4.2
2759,4.1
2760,4.2
2761,4.4
2762,5.3
2763,6.0
2764,6.9
2765,7.3
2766,6.7
2767,6.6
2768,7.0
2769,7.7
2770,7.8
2771,7.9
2772,8.0
2773,8.0
2774,7.6
2775,7.1
2776,7.0
2777,7.4
2778,8.2
2779,9.6
2780,11.0
2781,11.0
2782,10.5
2783,10.7
2784,10.1
2785,9.1
2786,7.2
2787,6.5
2788,7.4
2789,6.9
2790,9.5
2791,9.3
2792,8.3
2793,8.0
2794,7.9
2795,8.7
2796,8.4
2797,7.6
2798,8.0
2799,7.4
2800,7.6
2801,7.8
2802,7.7
2803,8.1
2804,8.2
2805,7.7
2806,8.5
2807,6.9
2808,7.9
2809,9.2
2810,11.1
2811,9.7
2812,6.7
2813,9.2
2814,9.5
2815,7.2
2816,7.9
2817,7.9
2818,7.3
2819,6.3
2820,6.8
2821,6.4
2822,6.6
2823,7.5
2824,6.2
2825,5.8
2826,5.5
2827,5.8
2828,5.9
2829,5.0
2830,5.7
2831,8.4
2832,6.7
2833,5.9
2834,6.2
2835,5.2
2836,5.5
2837,6.7
2838,5.1
2839,5.0
2840,5.2
2841,4.5
2842,4.2
2843,4.1
2844,4.3
2845,4.3
2846,4.0
2847,3.9
2848,3.9
2849,5.1
2850,4.9
2851,4.7
2852,4.8
2853,4.9
2854,4.5
2855,3.9
2856,3.9
2857,4.0
2858,2.7
2859,2.7
2860,3.1
2861,3.0
2862,3.0
2863,3.0
2864,3.0
2865,3.0
2866,3.0
2867,3.0
2868,2.9
2869,2.9
2870,2.9
2871,3.0
2872,3.8
2873,4.7
2874,4.5
2875,4.7
2876,5.2
2877,6.5
2878,7.4
2879,7.1
2880,6.9
2881,6.5
2882,6.4
2883,6.3
2884,5.7
2885,5.6
2886,5.8
2887,6.9
2888,7.9
2889,8.9
2890,9.9
2891,10.6
2892,10.2
2893,9.4
2894,8.6
2895,7.7
2896,7.0
2897,6.5
2898,6.9
2899,7.1
2900,6.9
2901,6.9
2902,7.0
2903,6.8
2904,7.0
2905,7.0
2906,7.0
2907,7.1
2908,7.8
2909,8.2
2910,8.8
2911,9.0
2912,8.2
2913,9.3
2914,8.9
2915,7.9
2916,10.8
2917,13.3
2918,12.9
2919,11.0
2920,12.0
2921,9.9
2922,7.6
2923,10.3
2924,11.8
2925,10.0
2926,10.4
2927,8.7
2928,7.0
2929,7.5
2930,7.8
2931,9.1
2932,8.2
2933,5.8
2934,5.2
2935,6.7
2936,6.9
2937,6.2
2938,5.5
2939,3.1
2940,1.7
2941,2.3
2942,1.5
2943,1.0
2944,2.9
2945,3.9
2946,7.5
2947,7.9
2948,4.6
2949,4.2
2950,2.8
2951,1.4
2952,1.2
2953,1.0
2954,0.8
2955,1.0
2956,1.2
2957,1.3
2958,1.4
2959,1.2
2960,1.3
2961,1.7
2962,2.1
2963,1.9
2964,1.7
2965,1.2
2966,0.9
2967,1.5
2968,1.6
2969,1.0
2970,1.3
2971,1.5
2972,1.8
2973,1.7
2974,1.7
2975,1.5
2976,1.6
2977,1.8
2978,2.5
2979,3.0
2980,3.7
2981,3.6
2982,3.3
2983,3.1
2984,2.5
2985,2.1
2986,2.2
2987,2.1
2988,2.0
2989,1.9
2990,1.8
2991,1.6
2992,2.3
2993,3.1
2994,3.4
2995,4.1
2996,5.0
2997,5.1
2998,4.6
2999,3.8
3000,3.5
3001,3.1
3002,3.3
3003,3.2
3004,3.5
3005,3.7
3006,3.7
3007,3.7
3008,3.1
3009,3.0
3010,3.1
3011,3.1
3012,3.7
3013,3.2
3014,3.0
3015,2.6
3016,2.6
3017,3.1
3018,4.0
3019,5.9
3020,7.2
3021,7.4
3022,6.0
3023,5.2
3024,3.2
3025,3.2
3026,3.1
3027,2.4
3028,2.2
3029,1.9
3030,1.4
3031,1.4
3032,1.6
3033,1.2
3034,0.8
3035,1.0
3036,1.1
3037,1.1
3038,1.7
3039,2.3
3040,2.3
3041,2.6
3042,2.6
3043,2.4
3044,3.0
3045,3.5
3046,3.4
3047,3.3
3048,3.0
3049,3.0
3050,1.3
3051,1.0
3052,1.0
3053,0.8
3054,0.8
3055,0.9
3056,1.2
3057,1.4
3058,1.6
3059,1.6
3060,1.2
3061,0.9
3062,2.5
3063,1.8
3064,2.8
3065,3.7
3066,3.3
3067,2.7
3068,1.6
3069,0.7
3070,0.6
3071,0.6
3072,0.9
3073,1.0
3074,1.8
3075,2.5
3076,2.6
3077,2.1
3078,2.4
3079,1.7
3080,1.6
3081,1.3
3082,1.3
3083,1.6
3084,1.4
3085,1.6
3086,1.4
3087,1.3
3088,1.2
3089,1.0
3090,0.7
3091,0.5
3092,0.4
3093,0.4
3094,0.3
3095,0.3
3096,0.6
3097,0.9
3098,1.3
3099,1.3
3100,1.8
3101,1.5
3102,1.5
3103,0.8
3104,0.6
3105,0.6
3106,0.5
3107,0.7
3108,0.6
3109,0.6
3110,0.9
3111,1.0
3112,1.3
3113,1.9
3114,2.9
3115,2.9
3116,2.7
3117,3.0
3118,3.1
3119,3.7
3120,2.0
3121,1.3
3122,1.0
3123,1.1
3124,1.4
3125,1.3
3126,1.1
3127,1.1
3128,1.5
3129,1.6
3130,1.4
3131,1.8
3132,1.6
3133,2.6
3134,2.4
3135,3.1
3136,3.5
3137,4.0
3138,6.5
3139,4.7
3140,4.8
3141,7.0
3142,4.8
3143,4.4
3144,3.8
3145,3.8
3146,3.9
3147,4.2
3148,5.3
3149,5.2
3150,4.9
3151,4.4
3152,3.5
3153,3.6
3154,2.9
3155,2.4
3156,2.3
3157,1.9
3158,1.8
3159,3.1
3160,4.7
3161,3.8
3162,4.2
3163,3.7
3164,4.0
3165,3.8
3166,3.5
3167,3.9
3168,5.4
3169,5.2
3170,5.1
3171,5.6
3172,6.4
3173,7.7
3174,8.8
3175,9.5
3176,9.4
3177,9.5
3178,8.6
3179,7.5
3180,6.4
3181,5.1
3182,3.8
3183,5.4
3184,5.7
3185,5.3
3186,5.5
3187,4.7
3188,4.7
3189,5.5
3190,6.2
3191,6.2
3192,6.1
3193,5.5
3194,5.2
3195,4.9
3196,5.8
3197,7.1
3198,9.2
3199,11.1
3200,13.7
3201,11.2
3202,8.0
3203,6.3
3204,5.8
3205,5.9
3206,5.2
3207,4.5
3208,4.7
3209,6.1
3210,9.1
3211,9.5
3212,10.2
3213,7.6
3214,6.1
3215,6.1
3216,6.9
3217,7.0
3218,4.8
3219,5.3
3220,5.3
3221,5.8
3222,8.7
3223,7.3
3224,5.7
3225,4.3
3226,5.0
3227,5.1
3228,6.6
3229,6.5
3230,7.3
3231,7.6
3232,6.8
3233,6.9
3234,7.3
3235,7.9
3236,10.6
3237,10.0
3238,9.1
3239,11.1
3240,14.2
3241,14.5
3242,11.8
3243,10.6
3244,8.8
3245,8.1
3246,8.0
3247,11.7
3248,12.9
3249,12.8
3250,13.5
3251,14.1
3252,15.0
3253,17.3
3254,18.0
3255,19.6
3256,21.5
3257,20.2
3258,23.3
3259,22.6
3260,24.3
3261,26.5
3262,26.4
3263,19.2
3264,15.1
3265,14.6
3266,13.6
3267,10.4
3268,10.3
3269,10.9
3270,12.4
3271,14.7
3272,16.0
3273,17.5
3274,16.0
3275,15.4
3276,18.7
3277,28.8
3278,22.8
3279,28.3
3280,29.4
3281,24.9
3282,23.2
3283,23.1
3284,21.2
3285,20.6
3286,22.2
3287,20.7
3288,15.6
3289,11.0
3290,10.4
3291,13.3
3292,14.6
3293,10.2
3294,7.6
3295,6.5
3296,6.5
3297,7.3
3298,8.3
3299,8.2
3300,9.3
3301,9.9
3302,10.5
3303,11.1
3304,12.0
3305,14.7
3306,12.6
3307,10.9
3308,10.9
3309,11.4
3310,13.4
3311,14.5
3312,14.1
3313,13.3
3314,13.6
3315,13.1
3316,13.2
3317,12.4
3318,10.8
3319,10.7
3320,10.9
3321,10.5
3322,10.0
3323,9.3
3324,9.4
3325,8.7
3326,9.1
3327,10.2
3328,10.7
3329,10.2
3330,9.1
3331,9.3
3332,10.1
3333,9.8
3334,10.2
3335,10.7
3336,11.1
3337,12.0
3338,14.0
3339,16.7
3340,17.4
3341,15.7
3342,14.1
3343,12.3
3344,10.6
3345,9.2
3346,8.8
3347,8.8
3348,7.8
3349,7.2
3350,7.1
3351,7.4
3352,8.0
3353,8.2
3354,8.3
3355,8.9
3356,9.9
3357,9.6
3358,9.7
3359,9.4
3360,9.2
3361,9.2
3362,9.8
3363,9.3
3364,10.3
3365,7.9
3366,5.6
3367,5.7
3368,5.9
3369,6.3
3370,5.7
3371,5.6
3372,5.8
3373,4.9
3374,4.9
3375,3.3
3376,3.2
3377,3.9
3378,5.9
3379,6.2
3380,5.9
3381,5.9
3382,5.8
3383,5.9
3384,6.3
3385,6.7
3386,7.5
3387,7.6
3388,7.8
3389,9.0
3390,9.6
3391,10.1
3392,10.6
3393,9.6
3394,6.9
3395,7.1
3396,7.3
3397,7.2
3398,7.3
3399,7.5
3400,6.1
3401,5.2
3402,4.8
3403,4.7
3404,4.7
3405,4.6
3406,5.2
3407,6.4
3408,6.0
3409,4.6
3410,3.9
3411,3.5
3412,3.9
3413,5.1
3414,4.7
3415,5.7
3416,4.7
3417,4.3
3418,4.4
3419,3.1
3420,3.0
3421,3.3
3422,3.5
3423,3.2
3424,3.5
3425,4.2
3426,3.6
3427,3.3
3428,3.5
3429,3.5
3430,4.0
3431,4.2
3432,4.1
3433,4.6
3434,4.6
3435,5.2
3436,5.4
3437,4.7
3438,6.3
3439,8.1
3440,10.6
3441,11.2
3442,11.9
3443,13.5
3444,13.1
3445,13.5
3446,13.6
3447,15.2
3448,15.0
3449,14.2
3450,12.7
3451,12.6
3452,13.4
3453,13.6
3454,13.1
3455,11.5
3456,10.0
3457,9.1
3458,9.6
3459,9.0
3460,7.7
3461,6.5
3462,6.1
3463,6.2
3464,6.0
3465,6.2
3466,6.1
3467,6.2
3468,5.7
3469,5.9
3470,5.8
3471,3.7
3472,4.3
3473,4.1
3474,4.0
3475,3.8
3476,4.4
3477,5.1
3478,5.7
3479,5.3
3480,4.9
3481,4.6
3482,4.4
3483,4.2
3484,4.0
3485,3.8
3486,3.5
3487,3.2
3488,3.7
3489,3.0
3490,2.0
3491,1.9
3492,1.5
3493,1.5
3494,1.3
3495,0.9
3496,1.1
3497,1.3
3498,1.5
3499,1.6
3500,1.8
3501,1.9
3502,1.9
3503,1.9
3504,2.5
3505,2.9
3506,2.0
3507,2.3
3508,3.0
3509,2.4
3510,2.4
3511,2.6
3512,2.7
3513,3.1
3514,3.4
3515,3.7
3516,3.3
3517,3.2
3518,3.2
3519,3.0
3520,3.0
3521,2.7
3522,2.7
3523,2.7
3524,2.8
3525,2.9
3526,2.6
3527,2.7
3528,3.0
3529,3.4
3530,3.8
3531,3.7
3532,3.0
3533,2.6
3534,2.5
3535,2.6
3536,2.6
3537,2.7
3538,2.5
3539,2.6
3540,2.6
3541,2.5
3542,2.6
3543,2.7
3544,2.3
3545,2.3
3546,2.6
3547,2.5
3548,2.9
3549,2.5
3550,2.4
3551,2.4
3552,2.5
3553,2.6
3554,2.6
3555,2.7
3556,2.7
3557,2.7
3558,2.8
3559,2.8
3560,3.0
3561,3.0
3562,3.1
3563,3.0
3564,3.5
3565,4.7
3566,6.0
3567,7.5
3568,9.2
3569,14.1
3570,10.9
3571,9.2
3572,8.7
3573,10.1
3574,6.0
3575,5.7
3576,5.9
3577,5.9
3578,5.0
3579,4.3
3580,3.7
3581,3.7
3582,3.8
3583,3.8
3584,4.0
3585,4.3
3586,4.0
3587,3.6
3588,3.6
3589,4.1
3590,5.1
3591,7.5
3592,9.9
3593,10.0
3594,10.0
3595,10.2
3596,9.5
3597,9.8
3598,9.5
3599,7.6
3600,8.2
3601,8.3
3602,9.0
3603,10.3
3604,10.4
3605,10.6
3606,9.4
3607,6.9
3608,5.2
3609,5.1
3610,6.2
3611,5.3
3612,7.0
3613,6.6
3614,7.4
3615,7.7
3616,7.6
3617,7.9
3618,10.6
3619,11.0
3620,7.1
3621,6.8
3622,6.7
3623,6.9
3624,7.8
3625,8.1
3626,7.9
3627,7.8
3628,8.0
3629,6.7
3630,6.8
3631,6.1
3632,5.2
3633,5.5
3634,5.0
3635,5.1
3636,5.2
3637,4.5
3638,4.1
3639,4.8
3640,5.1
3641,7.2
3642,7.7
3643,8.5
3644,10.2
3645,11.1
3646,9.6
3647,7.0
3648,7.1
3649,7.3
3650,7.0
3651,6.8
3652,6.3
3653,7.8
3654,7.0
3655,5.9
3656,6.7
3657,7.8
3658,7.1
3659,7.9
3660,10.7
3661,11.4
3662,14.3
3663,15.3
3664,18.1
3665,19.4
3666,21.9
3667,21.2
3668,18.3
3669,14.5
3670,12.7
3671,10.3
3672,9.3
3673,7.9
3674,8.2
3675,7.5
3676,9.4
3677,13.1
3678,14.8
3679,16.9
3680,12.7
3681,10.3
3682,11.5
3683,4.5
3684,4.1
3685,4.1
3686,4.3
3687,4.6
3688,4.4
3689,4.6
3690,4.2
3691,4.8
3692,5.2
3693,5.6
3694,5.9
3695,5.5
3696,5.2
3697,5.2
3698,5.3
3699,5.4
3700,5.7
3701,5.4
3702,5.6
3703,5.4
3704,5.3
3705,5.4
3706,5.2
3707,5.0
3708,5.5
3709,6.8
3710,7.3
3711,7.1
3712,6.9
3713,6.6
3714,6.7
3715,6.5
3716,7.1
3717,7.0
3718,6.8
3719,6.5
3720,6.4
3721,6.4
3722,6.2
3723,6.1
3724,5.8
3725,6.0
3726,6.2
3727,5.9
3728,6.6
3729,7.5
3730,8.5
3731,7.1
3732,7.0
3733,7.5
3734,7.6
3735,7.9
3736,7.5
3737,7.3
3738,7.4
3739,7.5
3740,7.4
3741,8.0
3742,8.0
3743,8.0
3744,7.9
3745,8.1
3746,8.9
3747,9.5
3748,9.8
3749,11.2
3750,11.1
3751,10.8
3752,9.7
3753,9.7
3754,9.7
3755,9.7
3756,8.8
3757,9.0
3758,9.8
3759,9.6
3760,8.9
3761,9.0
3762,8.7
3763,8.0
3764,7.6
3765,6.5
3766,6.2
3767,6.3
3768,6.7
3769,7.2
3770,7.8
3771,7.2
3772,5.7
3773,7.7
3774,8.6
3775,9.6
3776,10.2
3777,10.2
3778,7.5
3779,6.6
3780,5.3
3781,6.5
3782,6.4
3783,5.5
3784,5.7
3785,6.8
3786,7.8
3787,8.8
3788,8.8
3789,7.9
3790,5.9
3791,3.8
3792,4.7
3793,5.3
3794,4.8
3795,4.8
3796,5.0
3797,4.3
3798,3.6
3799,3.6
3800,3.6
3801,3.1
3802,3.3
3803,3.9
3804,4.4
3805,4.7
3806,5.8
3807,5.8
3808,3.6
3809,3.4
3810,5.2
3811,5.0
3812,3.6
3813,4.1
3814,4.7
3815,4.5
3816,3.8
3817,3.7
3818,3.1
3819,2.3
3820,3.7
3821,4.9
3822,5.3
3823,5.9
3824,5.9
3825,5.0
3826,5.0
3827,7.0
3828,7.8
3829,8.9
3830,9.1
3831,8.8
3832,8.9
3833,8.3
3834,7.9
3835,7.1
3836,7.3
3837,7.0
3838,6.6
3839,6.7
3840,6.9
3841,6.6
3842,6.2
3843,6.1
3844,6.2
3845,4.8
3846,5.6
3847,5.8
3848,5.5
3849,4.9
3850,5.1
3851,5.5
3852,6.2
3853,8.6
3854,11.8
3855,8.5
3856,6.7
3857,4.4
3858,5.0
3859,5.1
3860,7.3
3861,6.2
3862,7.4
3863,6.0
3864,5.1
3865,3.5
3866,3.4
3867,3.7
3868,3.9
3869,4.7
3870,6.6
3871,5.1
3872,5.0
3873,5.2
3874,5.4
3875,7.4
3876,7.9
3877,9.1
3878,8.3
3879,7.5
3880,6.3
3881,6.3
3882,6.6
3883,6.9
3884,7.7
3885,7.2
3886,7.1
3887,7.1
3888,6.6
3889,6.4
3890,6.2
3891,7.8
3892,7.9
3893,8.2
3894,7.5
3895,7.9
3896,8.8
3897,8.9
3898,8.8
3899,10.1
3900,7.7
3901,6.1
3902,5.7
3903,8.7
3904,8.9
3905,9.8
3906,9.0
3907,8.0
3908,7.2
3909,6.0
3910,5.4
3911,4.4
3912,4.2
3913,4.3
3914,4.1
3915,5.0
3916,5.0
3917,4.9
3918,4.8
3919,4.7
3920,4.5
3921,4.2
3922,3.9
3923,4.2
3924,4.7
3925,5.8
3926,4.8
3927,3.1
3928,2.1
3929,1.7
3930,1.6
3931,1.8
3932,2.0
3933,2.4
3934,2.9
3935,3.1
3936,3.3
3937,3.7
3938,3.8
3939,3.8
3940,3.9
3941,4.3
3942,4.5
3943,4.3
3944,4.6
3945,4.4
3946,5.7
3947,4.9
3948,5.4
3949,5.7
3950,5.8
3951,5.7
3952,5.6
3953,5.5
3954,5.8
3955,5.4
3956,5.3
3957,4.8
3958,5.4
3959,5.7
3960,5.9
3961,5.5
3962,5.0
3963,4.5
3964,4.3
3965,4.2
3966,4.2
3967,3.8
3968,3.5
3969,3.4
3970,3.2
3971,3.6
3972,3.4
3973,3.2
3974,3.0
3975,3.1
3976,3.4
3977,3.4
3978,3.5
3979,3.5
3980,3.6
3981,3.3
3982,3.3
3983,3.1
3984,3.4
3985,3.2
3986,3.3
3987,3.3
3988,3.3
3989,3.2
3990,3.3
3991,3.2
3992,3.3
3993,3.6
3994,3.3
3995,4.3
3996,5.3
3997,3.6
3998,3.5
3999,3.5
4000,3.6
4001,4.5
4002,5.3
4003,5.4
4004,4.5
4005,4.2
4006,4.2
4007,4.6
4008,5.0
4009,5.7
4010,6.8
4011,7.0
4012,6.9
4013,7.6
4014,7.4
4015,6.8
4016,6.0
4017,5.9
4018,5.8
4019,5.9
4020,6.1
4021,6.0
4022,6.5
4023,6.7
4024,4.4
4025,2.7
4026,2.3
4027,2.6
4028,2.9
4029,2.9
4030,4.7
4031,5.1
4032,6.0
4033,6.6
4034,6.8
4035,6.8
4036,6.8
4037,6.4
4038,5.4
4039,5.2
4040,4.4
4041,4.5
4042,4.5
4043,4.8
4044,6.6
4045,4.7
4046,5.8
4047,6.0
4048,6.2
4049,5.3
4050,3.4
4051,3.3
4052,3.5
4053,3.9
4054,3.8
4055,4.1
4056,3.9
4057,3.5
4058,3.4
4059,3.0
4060,3.3
4061,3.6
4062,3.6
4063,3.6
4064,3.6
4065,3.3
4066,3.4
4067,3.6
4068,3.6
4069,5.0
4070,5.6
4071,5.3
4072,8.7
4073,4.9
4074,5.6
4075,6.5
4076,5.2
4077,4.9
4078,5.4
4079,5.2
4080,4.9
4081,4.5
4082,3.6
4083,3.9
4084,4.7
4085,4.8
4086,4.9
4087,4.7
4088,4.5
4089,4.4
4090,4.8
4091,4.9
4092,5.0
4093,5.3
4094,5.2
4095,5.3
4096,6.4
4097,6.3
4098,2.6
4099,1.2
4100,1.2
4101,1.6
4102,2.2
4103,1.6
4104,1.7
4105,2.9
4106,3.9
4107,3.6
4108,1.9
4109,1.8
4110,1.5
4111,1.5
4112,1.3
4113,1.1
4114,1.2
4115,2.4
4116,2.5
4117,2.2
4118,2.1
4119,2.4
4120,3.3
4121,3.5
4122,3.2
4123,3.1
4124,3.0
4125,3.0
4126,2.7
4127,2.5
4128,1.9
4129,1.6
4130,1.6
4131,1.6
4132,1.5
4133,1.6
4134,1.8
4135,1.8
4136,2.2
4137,2.6
4138,2.1
4139,1.9
4140,1.9
4141,2.0
4142,2.2
4143,2.3
4144,2.1
4145,2.1
4146,2.2
4147,3.0
4148,3.4
4149,4.0
4150,4.6
4151,4.8
4152,5.1
4153,4.4
4154,4.0
4155,4.4
4156,4.9
4157,4.8
4158,4.8
4159,5.6
4160,5.1
4161,4.7
4162,4.5
4163,4.6
4164,4.5
4165,4.7
4166,4.9
4167,4.8
4168,4.8
4169,4.7
4170,4.9
4171,5.1
4172,5.0
4173,5.5
4174,5.5
4175,5.8
4176,7.0
4177,6.8
4178,7.0
4179,7.1
4180,6.9
4181,7.2
4182,8.0
4183,8.3
4184,6.4
4185,6.4
4186,6.7
4187,5.8
4188,5.4
4189,6.4
4190,6.6
4191,6.6
4192,5.9
4193,6.0
4194,5.6
4195,5.4
4196,4.4
4197,4.9
4198,4.9
4199,2.4
4200,4.3
4201,7.0
4202,7.9
4203,8.3
4204,6.7
4205,6.2
4206,6.7
4207,3.2
4208,2.6
4209,3.4
4210,2.3
4211,4.1
4212,5.7
4213,5.6
4214,5.1
4215,4.6
4216,4.3
4217,4.2
4218,3.9
4219,5.1
4220,4.5
4221,3.5
4222,3.2
4223,2.9
4224,3.0
4225,2.7
4226,3.6
4227,3.4
4228,2.8
4229,3.2
4230,3.5
4231,3.5
4232,3.4
4233,3.2
4234,5.3
4235,3.4
4236,3.5
4237,4.0
4238,4.8
4239,4.9
4240,4.7
4241,4.5
4242,4.7
4243,4.4
4244,4.2
4245,3.6
4246,3.1
4247,2.2
4248,1.3
4249,2.3
4250,2.9
4251,2.6
4252,2.2
4253,1.9
4254,1.7
4255,2.2
4256,2.1
4257,2.3
4258,8.5
4259,8.5
4260,6.4
4261,6.0
4262,5.8
4263,5.8
4264,4.8
4265,4.7
4266,4.3
4267,4.3
4268,3.7
4269,3.7
4270,3.8
4271,3.6
4272,3.4
4273,3.6
4274,3.5
4275,3.4
4276,3.8
4277,4.2
4278,4.0
4279,4.4
4280,4.3
4281,3.6
4282,2.7
4283,3.2
4284,5.3
4285,5.8
4286,5.1
4287,4.9
4288,4.9
4289,5.8
4290,5.4
4291,4.7
4292,5.4
4293,5.6
4294,3.6
4295,3.5
4296,5.7
4297,6.0
4298,4.0
4299,4.2
4300,4.6
4301,3.8
4302,2.5
4303,1.9
4304,1.7
4305,2.0
4306,3.5
4307,3.8
4308,4.1
4309,3.8
4310,3.8
4311,4.2
4312,4.2
4313,4.4
4314,4.4
4315,4.6
4316,4.4
4317,4.2
4318,4.1
4319,4.1
4320,4.4
4321,4.6
4322,5.0
4323,5.0
4324,4.2
4325,4.4
4326,4.5
4327,4.6
4328,4.7
4329,4.7
4330,5.6
4331,4.6
4332,3.6
4333,3.7
4334,4.2
4335,7.1
4336,7.0
4337,8.5
4338,9.8
4339,9.8
4340,9.0
4341,7.7
4342,6.7
4343,6.2
4344,5.3
4345,4.6
4346,3.8
4347,3.7
4348,3.3
4349,2.9
4350,2.9
4351,2.8
4352,2.5
4353,1.9
4354,2.0
4355,1.9
4356,1.7
4357,1.7
4358,1.8
4359,1.9
4360,2.6
4361,3.0
4362,2.0
4363,1.7
4364,1.9
4365,2.3
4366,2.0
4367,2.0
4368,1.8
4369,2.2
4370,2.2
4371,2.4
4372,2.0
4373,2.1
4374,2.5
4375,2.2
4376,2.3
4377,2.6
4378,3.1
4379,4.2
4380,3.5
4381,4.8
4382,6.1
4383,5.2
4384,6.3
4385,8.8
4386,6.6
4387,4.7
4388,4.2
4389,4.5
4390,5.3
4391,7.1
4392,7.9
4393,8.9
4394,11.0
4395,12.7
4396,14.2
4397,14.3
4398,13.9
4399,13.8
4400,13.4
4401,11.7
4402,11.4
4403,10.5
4404,9.6
4405,10.5
4406,10.6
4407,8.7
4408,8.3
4409,8.4
4410,8.4
4411,8.3
4412,8.2
4413,7.7
4414,8.6
4415,11.0
4416,12.2
4417,12.2
4418,11.4
4419,11.2
4420,11.7
4421,11.9
4422,11.2
4423,10.7
4424,10.3
4425,10.8
4426,10.8
4427,11.2
4428,11.3
4429,11.7
4430,10.7
4431,10.6
4432,10.3
4433,9.9
4434,10.0
4435,10.0
4436,10.4
4437,10.8
4438,11.1
4439,11.4
4440,11.6
4441,11.3
4442,11.2
4443,11.2
4444,11.2
4445,11.3
4446,11.1
4447,11.4
4448,11.5
4449,11.9
4450,11.8
4451,12.2
4452,12.6
4453,13.1
4454,12.6
4455,12.6
4456,12.9
4457,13.0
4458,13.5
4459,13.7
4460,13.7
4461,13.8
4462,13.8
4463,13.7
4464,13.3
4465,14.9
4466,16.5
4467,16.3
4468,14.8
4469,13.1
4470,11.7
4471,15.7
4472,16.8
4473,15.6
4474,14.0
4475,7.2
4476,6.9
4477,8.4
4478,10.6
4479,12.9
4480,11.8
4481,8.7
4482,5.9
4483,5.4
4484,4.4
4485,3.4
4486,3.3
4487,5.5
4488,8.5
4489,6.5
4490,5.5
4491,4.4
4492,3.7
4493,2.5
4494,1.9
4495,1.3
4496,1.3
4497,2.1
4498,1.4
4499,1.7
4500,1.9
4501,3.6
4502,3.4
4503,2.0
4504,1.4
4505,1.7
4506,2.3
4507,2.1
4508,3.0
4509,3.0
4510,3.2
4511,3.1
4512,2.1
4513,2.3
4514,2.3
4515,2.2
4516,2.3
4517,1.7
4518,2.4
4519,3.1
4520,3.7
4521,3.5
4522,2.9
4523,3.2
4524,10.9
4525,3.6
4526,3.5
4527,5.1
4528,7.0
4529,5.1
4530,4.6
4531,5.0
4532,4.7
4533,4.5
4534,4.4
4535,4.6
4536,4.5
4537,3.8
4538,2.9
4539,2.5
4540,2.7
4541,2.9
4542,3.0
4543,3.3
4544,3.2
4545,3.4
4546,4.6
4547,3.4
4548,3.3
4549,3.1
4550,2.7
4551,2.7
4552,3.4
4553,4.1
4554,3.7
4555,3.2
4556,3.1
4557,3.3
4558,2.2
4559,2.4
4560,2.0
4561,2.4
4562,2.8
4563,2.9
4564,3.0
4565,2.9
4566,3.3
4567,3.8
4568,3.3
4569,3.2
4570,3.2
4571,3.3
4572,3.3
4573,3.6
4574,3.8
4575,3.8
4576,3.8
4577,4.2
4578,4.5
4579,5.0
4580,5.0
4581,5.7
4582,5.7
4583,4.8
4584,5.4
4585,6.0
4586,4.9
4587,4.6
4588,4.0
4589,4.1
4590,4.3
4591,4.1
4592,4.1
4593,4.2
4594,4.4
4595,4.7
4596,4.8
4597,4.6
4598,4.4
4599,4.6
4600,4.7
4601,4.8
4602,4.9
4603,5.1
4604,5.4
4605,5.7
4606,5.8
4607,5.8
4608,5.8
4609,6.0
4610,6.0
4611,6.0
4612,6.8
4613,6.5
4614,5.6
4615,5.3
4616,5.4
4617,5.4
4618,5.5
4619,5.4
4620,5.8
4621,5.9
4622,5.8
4623,5.6
4624,5.7
4625,6.1
4626,6.0
4627,5.7
4628,5.9
4629,9.8
4630,6.6
4631,6.6
4632,6.6
4633,6.9
4634,7.3
4635,7.3
4636,7.7
4637,7.7
4638,7.1
4639,6.6
4640,7.1
4641,7.9
4642,8.9
4643,9.0
4644,9.1
4645,8.6
4646,7.5
4647,7.2
4648,7.3
4649,7.4
4650,7.4
4651,7.6
4652,7.2
4653,6.9
4654,7.1
4655,7.6
4656,8.6
4657,7.9
4658,7.1
4659,6.9
4660,7.3
4661,8.7
4662,7.1
4663,5.6
4664,5.5
4665,6.3
4666,5.4
4667,5.5
4668,5.7
4669,7.8
4670,7.4
4671,8.0
4672,9.9
4673,9.7
4674,4.8
4675,4.0
4676,3.3
4677,3.8
4678,3.1
4679,1.3
4680,0.8
4681,1.4
4682,1.7
4683,2.0
4684,2.9
4685,2.5
4686,2.8
4687,3.0
4688,2.3
4689,2.1
4690,3.0
4691,3.2
4692,3.9
4693,4.3
4694,4.6
4695,5.6
4696,7.8
4697,10.3
4698,14.1
4699,15.8
4700,14.3
4701,13.1
4702,14.2
4703,14.5
4704,12.0
4705,11.4
4706,10.4
4707,8.7
4708,9.4
4709,7.2
4710,6.6
4711,6.3
4712,9.7
4713,9.3
4714,10.2
4715,10.6
4716,11.4
4717,12.5
4718,12.9
4719,13.3
4720,13.4
4721,14.0
4722,13.9
4723,14.0
4724,13.1
4725,9.8
4726,7.8
4727,6.9
4728,7.0
4729,6.1
4730,5.6
4731,5.8
4732,6.1
4733,6.4
4734,7.0
4735,6.7
4736,6.3
4737,6.1
4738,6.7
4739,6.8
4740,8.7
4741,8.6
4742,9.0
4743,8.6
4744,8.6
4745,8.7
4746,9.2
4747,9.5
4748,9.5
4749,9.2
4750,8.6
4751,8.4
4752,8.6
4753,8.8
4754,8.8
4755,9.5
4756,9.7
4757,9.3
4758,9.0
4759,8.9
4760,9.2
4761,9.6
4762,10.2
4763,11.9
4764,14.1
4765,11.8
4766,12.4
4767,14.1
4768,13.5
4769,12.3
4770,12.2
4771,12.4
4772,12.1
4773,12.1
4774,13.2
4775,13.8
4776,13.2
4777,12.6
4778,13.4
4779,13.1
4780,12.5
4781,12.8
4782,12.1
4783,11.3
4784,11.6
4785,10.4
4786,9.9
4787,11.3
4788,13.6
4789,19.2
4790,16.6
4791,14.2
4792,13.9
4793,13.8
4794,13.3
4795,13.3
4796,13.4
4797,12.7
4798,12.5
4799,12.9
4800,15.8
4801,52.8
4802,50.6
4803,25.5
4804,20.8
4805,18.8
4806,16.7
4807,13.5
4808,21.1
4809,20.2
4810,16.7
4811,10.5
4812,6.8
4813,4.4
4814,4.6
4815,6.7
4816,6.6
4817,5.3
4818,4.5
4819,4.7
4820,3.9
4821,3.4
4822,3.6
4823,3.7
4824,4.5
4825,7.1
4826,7.1
4827,6.5
4828,5.1
4829,4.5
4830,5.3
4831,4.9
4832,4.3
4833,3.7
4834,3.5
4835,3.7
4836,4.3
4837,5.1
4838,4.6
4839,4.6
4840,4.6
4841,4.6
4842,4.8
4843,4.8
4844,4.7
4845,5.0
4846,5.2
4847,7.3
4848,10.0
4849,10.3
4850,10.5
4851,9.2
4852,8.2
4853,7.1
4854,8.0
4855,10.5
4856,12.8
4857,14.7
4858,15.6
4859,15.7
4860,17.4
4861,19.0
4862,20.5
4863,20.8
4864,20.9
4865,19.0
4866,17.2
4867,20.9
4868,21.9
4869,21.7
4870,23.5
4871,23.7
4872,22.8
4873,22.6
4874,23.2
4875,24.3
4876,25.4
4877,25.7
4878,25.2
4879,23.9
4880,22.7
4881,22.2
4882,22.9
4883,23.1
4884,24.3
4885,24.7
4886,24.6
4887,25.3
4888,26.2
4889,27.6
4890,27.9
4891,26.6
4892,24.9
4893,23.7
4894,22.5
4895,21.8
4896,20.1
4897,17.8
4898,16.2
4899,14.4
4900,11.5
4901,9.5
4902,7.7
4903,7.4
4904,7.9
4905,8.8
4906,9.2
4907,10.2
4908,11.4
4909,12.6
4910,13.4
4911,13.3
4912,14.3
4913,14.8
4914,14.7
4915,15.2
4916,14.9
4917,14.4
4918,14.7
4919,17.9
4920,22.5
4921,24.4
4922,23.9
4923,25.3
4924,25.2
4925,21.9
4926,17.2
4927,13.5
4928,14.7
4929,15.3
4930,15.2
4931,15.0
4932,14.6
4933,15.4
4934,14.9
4935,12.0
4936,12.0
4937,11.8
4938,10.7
4939,10.7
4940,10.4
4941,10.8
4942,11.1
4943,12.7
4944,14.2
4945,14.4
4946,16.0
4947,19.0
4948,19.7
4949,22.5
4950,19.3
4951,13.2
4952,13.6
4953,14.2
4954,11.3
4955,10.1
4956,13.5
4957,22.0
4958,21.2
4959,20.2
4960,16.5
4961,7.2
4962,7.4
4963,8.6
4964,9.9
4965,10.2
4966,9.9
4967,11.8
4968,12.5
4969,13.9
4970,12.5
4971,11.3
4972,9.7
4973,8.3
4974,7.8
4975,8.1
4976,8.6
4977,8.7
4978,9.5
4979,9.0
4980,8.5
4981,8.4
4982,8.5
4983,9.2
4984,8.8
4985,9.0
4986,8.7
4987,8.8
4988,10.2
4989,11.2
4990,11.4
4991,11.5
4992,11.4
4993,11.6
4994,11.8
4995,12.4
4996,12.5
4997,12.2
4998,12.1
4999,12.4
5000,12.8
5001,12.5
5002,12.5
5003,12.5
5004,13.4
5005,14.5
5006,14.4
5007,10.9
5008,9.8
5009,6.4
5010,7.0
5011,11.7
5012,12.3
5013,12.2
5014,12.0
5015,13.4
5016,16.0
5017,17.2
5018,21.0
5019,20.4
5020,20.8
5021,20.7
5022,19.5
5023,19.6
5024,20.8
5025,20.1
5026,17.2
5027,11.1
5028,12.2
5029,7.0
5030,5.1
5031,4.3
5032,6.1
5033,4.8
5034,4.1
5035,4.1
5036,3.7
5037,3.6
5038,3.7
5039,3.7
5040,3.7
5041,3.4
5042,3.2
5043,3.1
5044,2.7
5045,2.7
5046,2.6
5047,2.4
5048,2.6
5049,2.8
5050,3.8
5051,4.6
5052,6.4
5053,6.5
5054,4.2
5055,4.8
5056,4.7
5057,5.0
5058,5.0
5059,5.5
5060,7.1
5061,12.4
5062,17.8
5063,29.9
5064,36.4
5065,37.0
5066,33.8
5067,33.4
5068,41.3
5069,46.7
5070,51.1
5071,49.7
5072,49.9
5073,48.2
5074,37.9
5075,39.4
5076,40.0
5077,35.8
5078,36.0
5079,49.6
5080,46.2
5081,46.1
5082,40.7
5083,40.5
5084,44.8
5085,44.0
5086,35.1
5087,31.0
5088,28.7
5089,25.6
5090,21.0
5091,17.8
5092,14.3
5093,12.4
5094,11.9
5095,9.9
5096,8.6
5097,7.6
5098,8.4
5099,9.7
5100,9.9
5101,10.0
5102,12.2
5103,15.5
5104,19.0
5105,26.3
5106,11.5
5107,9.9
5108,8.8
5109,8.0
5110,7.3
5111,7.4
5112,7.2
5113,7.1
5114,6.9
5115,7.1
5116,7.3
5117,7.3
5118,7.0
5119,7.0
5120,6.9
5121,7.1
5122,7.5
5123,9.0
5124,10.1
5125,11.4
5126,11.6
5127,11.6
5128,11.8
5129,12.0
5130,12.8
5131,12.5
5132,9.9
5133,7.2
5134,8.4
5135,13.0
5136,15.8
5137,11.9
5138,10.7
5139,10.9
5140,8.3
5141,7.0
5142,6.3
5143,5.7
5144,8.2
5145,16.8
5146,23.6
5147,21.5
5148,21.5
5149,23.4
5150,25.0
5151,25.6
5152,27.2
5153,27.4
5154,28.2
5155,28.6
5156,28.9
5157,30.5
5158,32.8
5159,37.1
5160,33.9
5161,31.4
5162,31.7
5163,33.3
5164,34.7
5165,34.9
5166,31.9
5167,26.9
5168,18.6
5169,20.5
5170,22.1
5171,17.5
5172,26.2
5173,31.8
5174,30.2
5175,30.2
5176,29.8
5177,30.8
5178,31.9
5179,32.1
5180,28.6
5181,20.9
5182,11.3
5183,9.9
5184,11.7
5185,12.3
5186,12.1
5187,14.0
5188,17.9
5189,16.3
5190,12.1
5191,9.3
5192,8.7
5193,10.2
5194,10.7
5195,10.8
5196,10.8
5197,10.2
5198,9.7
5199,9.4
5200,9.3
5201,10.1
5202,10.3
5203,10.5
5204,10.2
5205,10.2
5206,10.7
5207,11.4
5208,11.7
5209,13.0
5210,13.3
5211,13.7
5212,15.0
5213,15.6
5214,12.4
5215,12.4
5216,11.3
5217,10.9
5218,11.3
5219,11.4
5220,12.0
5221,12.4
5222,12.8
5223,12.7
5224,12.9
5225,12.0
5226,11.7
5227,11.8
5228,11.7
5229,14.3
5230,16.6
5231,16.3
5232,15.6
5233,14.8
5234,15.2
5235,15.8
5236,14.9
5237,14.6
5238,15.4
5239,15.8
5240,15.7
5241,10.8
5242,8.2
5243,6.7
5244,5.7
5245,7.4
5246,10.2
5247,12.7
5248,15.7
5249,8.7
5250,7.4
5251,7.7
5252,8.7
5253,8.7
5254,9.5
5255,13.8
5256,15.4
5257,19.0
5258,20.1
5259,20.4
5260,20.5
5261,20.3
5262,20.3
5263,17.1
5264,14.9
5265,13.0
5266,13.2
5267,15.3
5268,12.1
5269,10.3
5270,9.4
5271,8.5
5272,8.7
5273,8.3
5274,7.9
5275,8.4
5276,8.5
5277,8.0
5278,8.3
5279,7.9
5280,8.3
5281,8.3
5282,5.7
5283,9.4
5284,10.3
5285,9.9
5286,10.0
5287,10.2
5288,8.4
5289,5.8
5290,4.0
5291,4.0
5292,4.7
5293,5.3
5294,6.2
5295,7.3
5296,8.4
5297,8.5
5298,8.2
5299,6.1
5300,4.4
5301,6.6
5302,7.6
5303,7.8
5304,8.2
5305,7.6
5306,7.6
5307,7.8
5308,7.6
5309,8.3
5310,8.6
5311,10.0
5312,10.5
5313,9.7
5314,8.8
5315,8.3
5316,7.8
5317,8.3
5318,8.6
5319,9.8
5320,9.3
5321,9.1
5322,8.6
5323,8.6
5324,8.3
5325,7.9
5326,7.9
5327,9.0
5328,10.7
5329,10.2
5330,9.4
5331,9.1
5332,9.3
5333,9.4
5334,9.7
5335,9.3
5336,9.6
5337,10.1
5338,10.1
5339,10.2
5340,9.8
5341,9.8
5342,10.2
5343,10.4
5344,9.6
5345,8.9
5346,8.0
5347,7.4
5348,7.1
5349,6.9
5350,6.3
5351,5.7
5352,6.0
5353,5.3
5354,5.0
5355,4.7
5356,6.2
5357,7.4
5358,7.6
5359,4.7
5360,4.7
5361,5.0
5362,5.2
5363,5.5
5364,6.1
5365,5.6
5366,4.9
5367,4.9
5368,4.2
5369,4.1
5370,4.3
5371,4.3
5372,3.7
5373,3.3
5374,3.6
5375,3.6
5376,3.5
5377,3.6
5378,3.8
5379,3.8
5380,4.0
5381,3.8
5382,4.1
5383,4.6
5384,4.6
5385,5.2
5386,5.8
5387,6.5
5388,6.3
5389,6.6
5390,7.5
5391,7.5
5392,7.4
5393,7.3
5394,7.6
5395,7.6
5396,7.3
5397,5.8
5398,5.7
5399,6.2
5400,6.4
5401,6.0
5402,6.3
5403,6.0
5404,5.9
5405,5.8
5406,5.8
5407,6.0
5408,6.0
5409,6.1
5410,6.2
5411,6.1
5412,7.9
5413,8.4
5414,8.6
5415,9.0
5416,9.5
5417,8.3
5418,8.2
5419,7.3
5420,6.1
5421,6.4
5422,6.0
5423,6.8
5424,6.6
5425,6.1
5426,5.7
5427,5.6
5428,5.6
5429,5.5
5430,5.4
5431,5.1
5432,5.3
5433,5.3
5434,5.7
5435,6.2
5436,6.4
5437,6.7
5438,7.7
5439,8.4
5440,8.1
5441,7.4
5442,6.7
5443,7.0
5444,6.6
5445,5.7
5446,5.7
5447,5.6
5448,5.7
5449,6.0
5450,5.6
5451,5.7
5452,5.6
5453,5.4
5454,5.4
5455,5.3
5456,5.2
5457,5.7
5458,6.1
5459,6.1
5460,6.3
5461,6.7
5462,7.8
5463,8.0
5464,8.9
5465,9.7
5466,8.9
5467,8.0
5468,7.1
5469,5.7
5470,5.5
5471,5.7
5472,5.2
5473,5.5
5474,5.1
5475,4.9
5476,4.7
5477,4.7
5478,4.8
5479,4.8
5480,5.0
5481,5.1
5482,5.7
5483,7.1
5484,6.4
5485,7.3
5486,7.4
5487,7.9
5488,7.7
5489,7.9
5490,8.1
5491,7.3
5492,6.2
5493,5.9
5494,5.4
5495,5.5
5496,6.0
5497,6.4
5498,6.6
5499,6.5
5500,6.8
5501,7.0
5502,7.5
5503,7.7
5504,8.5
5505,9.0
5506,9.3
5507,7.6
5508,8.5
5509,8.5
5510,7.3
5511,4.3
5512,5.1
5513,5.2
5514,4.7
5515,6.2
5516,6.6
5517,7.4
5518,6.5
5519,6.9
5520,7.3
5521,7.6
5522,7.2
5523,7.9
5524,8.6
5525,8.9
5526,9.1
5527,8.9
5528,8.8
5529,9.7
5530,10.7
5531,9.8
5532,10.6
5533,7.1
5534,8.7
5535,5.7
5536,5.6
5537,5.6
5538,6.0
5539,6.1
5540,6.2
5541,6.3
5542,5.8
5543,7.4
5544,7.3
5545,7.7
5546,8.6
5547,9.0
5548,9.4
5549,11.2
5550,10.5
5551,10.4
5552,11.3
5553,11.3
5554,10.1
5555,9.2
5556,9.6
5557,9.6
5558,9.7
5559,10.1
5560,10.8
5561,10.4
5562,11.6
5563,13.8
5564,14.2
5565,15.1
5566,14.0
5567,13.5
5568,13.7
5569,13.1
5570,12.5
5571,11.8
5572,11.9
5573,10.7
5574,9.0
5575,5.0
5576,6.8
5577,6.8
5578,5.9
5579,6.2
5580,5.6
5581,4.9
5582,4.3
5583,3.9
5584,3.7
5585,3.6
5586,3.7
5587,4.0
5588,4.7
5589,5.8
5590,5.9
5591,6.1
5592,7.0
5593,7.8
5594,9.1
5595,9.1
5596,8.5
5597,9.4
5598,9.4
5599,7.4
5600,5.5
5601,4.5
5602,4.4
5603,4.9
5604,5.5
5605,6.3
5606,6.1
5607,6.0
5608,6.8
5609,7.4
5610,6.5
5611,5.2
5612,4.7
5613,5.2
5614,5.6
5615,6.3
5616,6.8
5617,7.0
5618,7.0
5619,7.4
5620,7.5
5621,8.0
5622,8.7
5623,10.0
5624,9.9
5625,9.4
5626,9.3
5627,8.8
5628,7.7
5629,7.1
5630,7.1
5631,6.6
5632,6.5
5633,6.5
5634,6.2
5635,6.4
5636,6.4
5637,6.4
5638,5.3
5639,9.1
5640,8.6
5641,4.8
5642,4.4
5643,6.0
5644,6.9
5645,6.4
5646,5.8
5647,5.4
5648,4.3
5649,3.7
5650,3.6
5651,4.3
5652,5.1
5653,4.8
5654,5.0
5655,4.7
5656,4.3
5657,3.9
5658,3.2
5659,2.8
5660,2.8
5661,4.3
5662,5.7
5663,6.2
5664,7.1
5665,6.5
5666,6.1
5667,6.2
5668,6.3
5669,6.6
5670,6.9
5671,6.7
5672,7.0
5673,7.9
5674,7.7
5675,7.2
5676,7.0
5677,7.0
5678,7.0
5679,6.5
5680,6.8
5681,9.5
5682,10.2
5683,8.5
5684,7.7
5685,7.6
5686,10.4
5687,7.5
5688,7.1
5689,11.6
5690,13.9
5691,22.5
5692,20.8
5693,30.7
5694,27.8
5695,26.0
5696,23.0
5697,22.6
5698,22.7
5699,22.5
5700,20.9
5701,19.2
5702,20.0
5703,20.0
5704,17.3
5705,16.6
5706,14.0
5707,9.6
5708,5.1
5709,3.7
5710,4.4
5711,5.4
5712,2.9
5713,4.0
5714,8.1
5715,8.5
5716,8.6
5717,8.8
5718,9.4
5719,10.6
5720,11.5
5721,11.8
5722,11.2
5723,11.1
5724,11.0
5725,11.5
5726,8.6
5727,3.3
5728,5.6
5729,6.8
5730,10.0
5731,8.8
5732,7.7
5733,7.4
5734,9.8
5735,8.5
5736,8.2
5737,10.5
5738,11.9
5739,9.1
5740,5.2
5741,5.7
5742,6.4
5743,8.0
5744,7.2
5745,7.6
5746,4.9
5747,3.8
5748,4.0
5749,4.1
5750,4.2
5751,4.6
5752,6.8
5753,12.5
5754,13.6
5755,13.1
5756,12.8
5757,12.4
5758,10.8
5759,11.1
5760,8.9
5761,7.4
5762,6.9
5763,7.0
5764,7.5
5765,7.3
5766,7.4
5767,8.1
5768,8.1
5769,8.5
5770,8.2
5771,8.1
5772,8.4
5773,8.6
5774,8.8
5775,9.0
5776,9.1
5777,8.9
5778,8.8
5779,8.2
5780,7.6
5781,6.6
5782,5.6
5783,4.7
5784,4.6
5785,4.4
5786,4.4
5787,5.5
5788,6.0
5789,6.5
5790,7.9
5791,8.8
5792,9.1
5793,9.3
5794,7.9
5795,7.8
5796,7.8
5797,6.7
5798,6.7
5799,6.4
5800,6.2
5801,6.0
5802,6.0
5803,5.7
5804,5.4
5805,5.5
5806,5.5
5807,5.4
5808,6.1
5809,5.8
5810,6.3
5811,6.5
5812,6.6
5813,6.9
5814,7.5
5815,7.8
5816,5.9
5817,4.7
5818,7.1
5819,7.6
5820,5.6
5821,4.2
5822,3.9
5823,4.7
5824,4.8
5825,4.6
5826,4.8
5827,4.6
5828,4.2
5829,3.9
5830,4.0
5831,4.1
5832,4.1
5833,4.1
5834,4.5
5835,4.3
5836,4.7
5837,5.3
5838,5.5
5839,5.7
5840,5.8
5841,6.0
5842,6.0
5843,5.2
5844,4.7
5845,4.8
5846,5.1
5847,5.9
5848,6.1
5849,6.2
5850,5.9
5851,5.7
5852,6.1
5853,5.3
5854,5.2
5855,5.1
5856,5.6
5857,5.4
5858,5.9
5859,5.4
5860,5.2
5861,5.5
5862,7.1
5863,5.7
5864,5.4
5865,5.9
5866,5.9
5867,6.0
5868,5.9
5869,5.9
5870,5.8
5871,6.0
5872,5.8
5873,5.5
5874,5.7
5875,5.0
5876,5.4
5877,5.7
5878,5.6
5879,5.8
5880,6.5
5881,6.1
5882,5.3
5883,6.1
5884,6.4
5885,6.8
5886,6.5
5887,5.8
5888,6.1
5889,5.6
5890,5.6
5891,4.9
5892,5.3
5893,5.8
5894,6.0
5895,6.0
5896,5.6
5897,6.6
5898,8.0
5899,8.0
5900,7.9
5901,8.8
5902,8.7
5903,8.7
5904,7.6
5905,5.6
5906,5.0
5907,3.3
5908,2.4
5909,2.6
5910,3.0
5911,3.3
5912,3.4
5913,4.4
5914,5.4
5915,4.7
5916,5.2
5917,5.4
5918,5.6
5919,5.7
5920,6.1
5921,6.4
5922,6.4
5923,7.0
5924,6.4
5925,5.9
5926,5.3
5927,5.1
5928,5.1
5929,5.2
5930,5.3
5931,5.0
5932,5.0
5933,5.1
5934,5.4
5935,6.5
5936,6.1
5937,6.8
5938,7.4
5939,7.0
5940,5.8
5941,6.5
5942,6.2
5943,5.4
5944,4.7
5945,4.9
5946,5.7
5947,5.5
5948,4.5
5949,4.2
5950,4.1
5951,4.1
5952,4.0
5953,3.9
5954,3.8
5955,3.6
5956,3.7
5957,3.8
5958,4.0
5959,4.0
5960,3.8
5961,3.8
5962,3.6
5963,4.4
5964,4.8
5965,5.0
5966,5.5
5967,6.2
5968,6.9
5969,7.2
5970,8.1
5971,9.6
5972,10.7
5973,10.8
5974,9.8
5975,10.3
5976,11.3
5977,11.8
5978,10.7
5979,9.0
5980,7.6
5981,6.0
5982,5.6
5983,5.4
5984,5.1
5985,5.0
5986,4.5
5987,4.1
5988,4.0
5989,3.7
5990,3.7
5991,3.6
5992,3.3
5993,3.2
5994,3.1
5995,3.0
5996,2.8
5997,2.9
5998,2.9
5999,3.1
6000,3.5
6001,3.4
6002,3.3
6003,3.3
6004,3.3
6005,3.3
6006,3.2
6007,3.4
6008,3.5
6009,3.5
6010,3.5
6011,3.6
6012,3.8
6013,4.0
6014,4.0
6015,4.3
6016,4.5
6017,4.5
6018,4.3
6019,3.8
6020,3.6
6021,3.5
6022,3.5
6023,3.5
6024,3.5
6025,3.5
6026,3.5
6027,3.9
6028,3.8
6029,3.6
6030,3.7
6031,3.8
6032,4.0
6033,4.7
6034,5.6
6035,4.9
6036,5.2
6037,4.9
6038,5.2
6039,5.5
6040,6.0
6041,5.1
6042,4.5
6043,3.8
6044,3.4
6045,3.8
6046,3.6
6047,3.7
6048,3.6
6049,3.6
6050,3.6
6051,3.7
6052,3.7
6053,4.7
6054,4.6
6055,5.0
6056,6.3
6057,7.4
6058,6.6
6059,6.2
6060,5.6
6061,5.1
6062,5.1
6063,5.1
6064,5.3
6065,5.1
6066,5.6
6067,5.5
6068,5.8
6069,6.0
6070,6.5
6071,6.9
6072,6.9
6073,7.8
6074,8.7
6075,9.0
6076,9.5
6077,10.6
6078,11.1
6079,10.9
6080,12.4
6081,12.0
6082,11.1
6083,8.9
6084,7.6
6085,7.4
6086,5.8
6087,5.4
6088,5.6
6089,4.9
6090,4.5
6091,4.2
6092,4.0
6093,3.6
6094,3.8
6095,4.4
6096,3.8
6097,3.6
6098,4.4
6099,4.8
6100,3.5
6101,3.9
6102,3.9
6103,4.4
6104,4.1
6105,4.3
6106,4.5
6107,4.8
6108,4.7
6109,4.8
6110,4.9
6111,4.7
6112,3.3
6113,3.2
6114,3.6
6115,3.7
6116,3.4
6117,3.4
6118,3.3
6119,3.2
6120,3.4
6121,3.4
6122,3.3
6123,3.6
6124,3.5
6125,3.7
6126,3.7
6127,3.8
6128,8.6
6129,7.2
6130,8.5
6131,8.8
6132,10.8
6133,10.5
6134,11.3
6135,12.1
6136,10.3
6137,9.0
6138,8.5
6139,9.4
6140,8.3
6141,8.7
6142,6.6
6143,2.7
6144,2.6
6145,2.1
6146,1.9
6147,2.3
6148,2.1
6149,2.1
6150,2.4
6151,2.3
6152,2.8
6153,3.2
6154,3.6
6155,4.0
6156,4.6
6157,5.2
6158,5.5
6159,6.3
6160,6.5
6161,6.3
6162,5.8
6163,5.5
6164,5.1
6165,5.2
6166,5.1
6167,4.6
6168,4.4
6169,4.3
6170,4.0
6171,3.9
6172,4.2
6173,4.5
6174,3.7
6175,3.8
6176,3.3
6177,3.3
6178,3.2
6179,4.0
6180,5.1
6181,5.8
6182,5.8
6183,6.0
6184,5.0
6185,4.5
6186,3.9
6187,3.6
6188,3.2
6189,3.3
6190,3.2
6191,3.4
6192,4.0
6193,5.1
6194,5.2
6195,5.7
6196,5.0
6197,4.5
6198,4.7
6199,4.4
6200,4.3
6201,4.5
6202,5.5
6203,5.7
6204,5.3
6205,6.0
6206,6.8
6207,7.2
6208,7.3
6209,7.2
6210,6.5
6211,5.7
6212,5.9
6213,6.8
6214,8.7
6215,9.2
6216,8.6
6217,7.1
6218,5.9
6219,5.6
6220,5.4
6221,5.8
6222,5.7
6223,5.7
6224,5.5
6225,4.8
6226,4.6
6227,4.8
6228,4.8
6229,4.4
6230,4.4
6231,4.4
6232,3.5
6233,3.2
6234,3.2
6235,3.1
6236,3.2
6237,3.0
6238,2.9
6239,2.8
6240,2.7
6241,2.7
6242,2.7
6243,2.7
6244,2.8
6245,3.0
6246,3.3
6247,5.2
6248,5.6
6249,5.0
6250,4.7
6251,4.3
6252,4.1
6253,4.3
6254,4.3
6255,4.3
6256,4.4
6257,4.9
6258,6.4
6259,6.9
6260,6.4
6261,6.1
6262,6.3
6263,5.9
6264,5.8
6265,5.7
6266,5.8
6267,5.8
6268,6.1
6269,6.3
6270,6.7
6271,7.1
6272,4.6
6273,6.0
6274,7.0
6275,7.9
6276,8.2
6277,8.7
6278,8.8
6279,10.0
6280,9.6
6281,8.9
6282,8.8
6283,7.5
6284,6.4
6285,4.6
6286,3.5
6287,3.9
6288,4.0
6289,3.6
6290,4.0
6291,4.6
6292,4.8
6293,4.2
6294,4.1
6295,4.7
6296,5.3
6297,5.4
6298,3.3
6299,2.6
6300,2.1
6301,2.4
6302,4.1
6303,4.6
6304,4.8
6305,4.9
6306,5.4
6307,4.3
6308,3.2
6309,2.4
6310,1.7
6311,2.9
6312,1.8
6313,1.4
6314,1.5
6315,2.0
6316,1.5
6317,2.0
6318,3.7
6319,2.6
6320,2.2
6321,3.0
6322,3.2
6323,2.8
6324,2.7
6325,2.3
6326,2.0
6327,1.6
6328,1.5
6329,2.0
6330,1.9
6331,1.6
6332,1.6
6333,1.7
6334,1.8
6335,1.5
6336,1.5
6337,1.6
6338,1.6
6339,1.6
6340,1.6
6341,1.8
6342,1.9
6343,2.0
6344,2.3
6345,2.1
6346,2.0
6347,1.9
6348,1.8
6349,2.0
6350,2.2
6351,2.3
6352,2.3
6353,2.6
6354,2.6
6355,2.7
6356,2.9
6357,2.8
6358,3.0
6359,3.0
6360,2.7
6361,2.8
6362,2.4
6363,2.9
6364,2.7
6365,1.9
6366,1.8
6367,2.3
6368,2.9
6369,3.6
6370,3.1
6371,3.2
6372,3.9
6373,4.3
6374,4.4
6375,4.1
6376,4.6
6377,4.6
6378,4.4
6379,4.0
6380,4.5
6381,4.7
6382,4.6
6383,4.7
6384,4.6
6385,4.9
6386,5.0
6387,4.9
6388,5.6
6389,5.7
6390,5.0
6391,2.3
6392,1.2
6393,1.3
6394,1.9
6395,2.5
6396,2.7
6397,2.9
6398,3.2
6399,3.7
6400,3.9
6401,3.9
6402,3.8
6403,3.5
6404,3.1
6405,3.3
6406,3.2
6407,3.3
6408,3.6
6409,3.5
6410,3.4
6411,3.5
6412,3.6
6413,3.9
6414,4.2
6415,4.1
6416,4.0
6417,3.8
6418,4.0
6419,4.3
6420,4.3
6421,4.6
6422,4.7
6423,4.8
6424,5.0
6425,5.2
6426,5.1
6427,5.1
6428,5.0
6429,5.2
6430,5.1
6431,4.9
6432,5.0
6433,5.3
6434,5.6
6435,5.8
6436,5.9
6437,6.4
6438,5.9
6439,5.3
6440,5.7
6441,6.0
6442,6.8
6443,7.2
6444,7.2
6445,7.5
6446,7.5
6447,7.6
6448,8.0
6449,8.2
6450,8.5
6451,8.4
6452,8.4
6453,6.6
6454,5.9
6455,6.3
6456,5.9
6457,5.7
6458,4.8
6459,4.0
6460,3.7
6461,3.9
6462,3.8
6463,3.9
6464,3.7
6465,3.4
6466,3.0
6467,3.1
6468,3.0
6469,3.0
6470,3.7
6471,4.3
6472,4.7
6473,4.9
6474,3.0
6475,2.1
6476,1.9
6477,1.7
6478,1.7
6479,1.7
6480,2.0
6481,3.1
6482,3.6
6483,3.8
6484,5.2
6485,3.9
6486,4.1
6487,4.6
6488,5.2
6489,4.2
6490,4.2
6491,3.9
6492,4.9
6493,5.6
6494,5.7
6495,5.5
6496,5.4
6497,4.9
6498,3.8
6499,4.7
6500,4.1
6501,4.0
6502,4.3
6503,4.2
6504,4.3
6505,4.5
6506,4.4
6507,4.4
6508,5.4
6509,6.3
6510,5.2
6511,5.2
6512,5.8
6513,7.1
6514,6.9
6515,7.3
6516,7.6
6517,6.8
6518,6.2
6519,7.3
6520,7.6
6521,5.9
6522,4.0
6523,4.3
6524,5.0
6525,5.7
6526,5.7
6527,5.4
6528,5.3
6529,5.3
6530,4.7
6531,4.5
6532,4.5
6533,5.2
6534,5.8
6535,7.4
6536,8.5
6537,9.0
6538,10.7
6539,8.2
6540,6.7
6541,5.7
6542,5.8
6543,5.9
6544,4.6
6545,3.9
6546,3.8
6547,4.9
6548,5.9
6549,6.0
6550,5.9
6551,6.8
6552,7.8
6553,7.8
6554,8.4
6555,8.3
6556,10.2
6557,13.3
6558,19.2
6559,16.8
6560,9.8
6561,8.3
6562,8.8
6563,12.7
6564,16.0
6565,15.9
6566,14.9
6567,13.7
6568,13.1
6569,11.0
6570,10.3
6571,10.1
6572,10.2
6573,9.4
6574,9.4
6575,9.4
6576,8.8
6577,8.7
6578,8.7
6579,8.7
6580,7.4
6581,8.5
6582,9.7
6583,10.1
6584,10.1
6585,10.1
6586,10.8
6587,11.3
6588,10.6
6589,11.3
6590,11.4
6591,10.3
6592,8.7
6593,5.7
6594,3.2
6595,4.4
6596,5.7
6597,6.5
6598,6.5
6599,6.0
6600,5.5
6601,4.2
6602,3.6
6603,3.7
6604,3.7
6605,4.0
6606,4.3
6607,4.7
6608,5.9
6609,6.3
6610,7.3
6611,8.3
6612,7.7
6613,4.8
6614,4.1
6615,3.9
6616,3.7
6617,3.8
6618,4.4
6619,5.0
6620,4.7
6621,4.4
6622,4.5
6623,4.6
6624,4.3
6625,3.3
6626,3.4
6627,3.3
6628,3.6
6629,3.4
6630,4.3
6631,4.2
6632,4.2
6633,4.3
6634,4.2
6635,3.7
6636,3.7
6637,3.9
6638,3.5
6639,3.7
6640,4.5
6641,4.7
6642,4.7
6643,5.0
6644,4.8
6645,5.5
6646,5.1
6647,5.0
6648,4.6
6649,4.7
6650,5.0
6651,5.3
6652,5.2
6653,5.6
6654,5.6
6655,5.7
6656,5.7
6657,6.1
6658,6.2
6659,5.8
6660,5.7
6661,4.8
6662,4.7
6663,4.6
6664,4.4
6665,4.2
6666,3.8
6667,3.7
6668,3.8
6669,4.0
6670,4.1
6671,4.4
6672,5.0
6673,4.9
6674,5.1
6675,6.9
6676,8.5
6677,7.4
6678,6.3
6679,4.7
6680,4.3
6681,6.4
6682,7.4
6683,8.3
6684,9.0
6685,8.8
6686,9.4
6687,10.1
6688,10.3
6689,11.6
6690,13.5
6691,11.7
6692,10.4
6693,9.4
6694,9.3
6695,9.1
6696,7.4
6697,7.6
6698,10.3
6699,12.0
6700,13.3
6701,15.1
6702,16.3
6703,16.5
6704,16.3
6705,16.3
6706,16.3
6707,14.9
6708,13.9
6709,12.8
6710,3.5
6711,3.1
6712,2.8
6713,2.0
6714,3.1
6715,3.5
6716,3.6
6717,4.0
6718,4.0
6719,4.5
6720,6.2
6721,6.7
6722,6.6
6723,5.7
6724,6.4
6725,5.4
6726,4.9
6727,5.0
6728,5.8
6729,6.6
6730,7.2
6731,8.2
6732,9.2
6733,10.4
6734,6.5
6735,4.4
6736,3.5
6737,3.2
6738,4.5
6739,4.1
6740,4.2
6741,4.2
6742,5.0
6743,5.8
6744,6.0
6745,6.2
6746,7.1
6747,6.2
6748,5.5
6749,5.4
6750,5.6
6751,6.2
6752,5.9
6753,6.6
6754,7.6
6755,8.2
6756,9.8
6757,12.2
6758,13.7
6759,14.0
6760,14.5
6761,14.3
6762,14.1
6763,14.0
6764,13.9
6765,14.0
6766,13.6
6767,12.6
6768,13.0
6769,12.6
6770,11.1
6771,6.9
6772,4.8
6773,9.9
6774,11.0
6775,11.9
6776,13.4
6777,13.0
6778,12.1
6779,12.4
6780,12.3
6781,10.9
6782,10.3
6783,10.1
6784,10.0
6785,10.2
6786,10.8
6787,11.5
6788,13.6
6789,12.1
6790,12.4
6791,12.3
6792,12.9
6793,12.4
6794,10.2
6795,7.8
6796,7.8
6797,6.1
6798,3.6
6799,3.8
6800,3.3
6801,3.8
6802,3.9
6803,3.3
6804,2.3
6805,1.2
6806,2.0
6807,4.2
6808,5.2
6809,5.7
6810,5.4
6811,8.2
6812,4.2
6813,4.9
6814,6.3
6815,7.4
6816,5.7
6817,4.7
6818,4.7
6819,4.0
6820,4.0
6821,3.8
6822,3.3
6823,2.9
6824,3.0
6825,3.4
6826,4.3
6827,4.9
6828,5.1
6829,5.2
6830,5.2
6831,5.2
6832,5.2
6833,5.1
6834,4.9
6835,3.2
6836,2.5
6837,3.2
6838,3.9
6839,5.3
6840,7.0
6841,7.7
6842,8.4
6843,8.1
6844,8.6
6845,8.2
6846,8.2
6847,9.1
6848,10.5
6849,9.8
6850,9.0
6851,9.4
6852,9.4
6853,7.8
6854,5.2
6855,4.5
6856,3.9
6857,3.6
6858,3.8
6859,3.7
6860,3.3
6861,2.9
6862,2.1
6863,2.2
6864,2.1
6865,2.2
6866,2.2
6867,2.2
6868,2.3
6869,2.5
6870,3.3
6871,3.9
6872,4.1
6873,3.6
6874,3.4
6875,3.3
6876,3.3
6877,3.7
6878,3.8
6879,3.8
6880,4.1
6881,4.4
6882,3.9
6883,3.3
6884,3.5
6885,3.8
6886,4.1
6887,4.1
6888,4.2
6889,5.0
6890,4.4
6891,5.1
6892,5.3
6893,9.7
6894,8.2
6895,5.9
6896,5.1
6897,4.8
6898,5.0
6899,5.0
6900,5.2
6901,5.2
6902,5.2
6903,4.9
6904,5.3
6905,6.1
6906,6.6
6907,6.1
6908,5.9
6909,4.8
6910,4.3
6911,4.0
6912,3.7
6913,3.4
6914,3.3
6915,3.8
6916,4.1
6917,3.9
6918,4.6
6919,4.5
6920,5.1
6921,5.0
6922,4.4
6923,4.1
6924,3.8
6925,3.7
6926,3.8
6927,3.7
6928,4.1
6929,4.0
6930,3.7
6931,3.2
6932,3.0
6933,3.0
6934,2.9
6935,3.0
6936,3.1
6937,3.2
6938,3.3
6939,3.6
6940,3.6
6941,4.3
6942,4.3
6943,4.2
6944,4.4
6945,4.3
6946,4.4
6947,4.5
6948,4.1
6949,4.1
6950,4.1
6951,4.2
6952,4.8
6953,5.1
6954,4.8
6955,3.5
6956,4.0
6957,3.4
6958,3.7
6959,4.2
6960,4.5
6961,4.3
6962,4.3
6963,4.4
6964,5.3
6965,5.8
6966,8.8
6967,12.4
6968,13.5
6969,12.1
6970,10.0
6971,7.6
6972,7.0
6973,6.7
6974,6.3
6975,6.3
6976,6.6
6977,6.6
6978,6.6
6979,6.0
6980,5.5
6981,5.2
6982,5.8
6983,6.3
6984,6.0
6985,6.1
6986,5.8
6987,6.4
6988,6.4
6989,7.2
6990,7.3
6991,7.3
6992,7.2
6993,6.8
6994,6.5
6995,7.2
6996,7.3
6997,8.0
6998,7.7
6999,8.6
7000,8.6
7001,10.2
7002,6.7
7003,6.5
7004,7.0
7005,6.8
7006,7.2
7007,7.2
7008,6.7
7009,6.5
7010,7.7
7011,10.7
7012,9.3
7013,8.0
7014,8.0
7015,8.4
7016,8.5
7017,8.8
7018,9.1
7019,9.7
7020,10.5
7021,12.0
7022,8.7
7023,5.0
7024,4.4
7025,4.0
7026,2.5
7027,2.0
7028,0.9
7029,0.8
7030,2.1
7031,2.5
7032,3.8
7033,3.1
7034,2.9
7035,3.6
7036,5.1
7037,4.5
7038,3.7
7039,3.3
7040,3.0
7041,3.0
7042,3.1
7043,2.8
7044,2.8
7045,2.8
7046,2.8
7047,2.8
7048,2.8
7049,2.5
7050,2.2
7051,2.2
7052,2.7
7053,3.5
7054,3.6
7055,5.0
7056,4.4
7057,4.2
7058,6.0
7059,6.2
7060,6.5
7061,6.0
7062,5.5
7063,5.7
7064,5.6
7065,5.4
7066,4.8
7067,4.8
7068,5.4
7069,5.9
7070,4.5
7071,4.4
7072,4.9
7073,3.9
7074,1.7
7075,1.4
7076,1.3
7077,3.2
7078,4.1
7079,3.3
7080,2.1
7081,1.8
7082,1.9
7083,2.3
7084,4.5
7085,5.5
7086,8.1
7087,10.4
7088,8.1
7089,9.0
7090,11.1
7091,13.1
7092,10.9
7093,8.4
7094,5.5
7095,4.9
7096,4.3
7097,4.5
7098,4.4
7099,4.3
7100,3.1
7101,3.0
7102,3.5
7103,3.8
7104,3.2
7105,1.7
7106,1.2
7107,1.1
7108,1.1
7109,1.2
7110,1.3
7111,1.1
7112,1.3
7113,1.5
7114,1.5
7115,1.5
7116,1.2
7117,1.1
7118,1.1
7119,1.1
7120,1.1
7121,1.3
7122,1.8
7123,1.8
7124,1.6
7125,1.6
7126,1.7
7127,1.5
7128,1.6
7129,1.6
7130,1.8
7131,2.3
7132,3.0
7133,2.5
7134,2.4
7135,2.5
7136,2.6
7137,2.4
7138,2.4
7139,2.4
7140,2.8
7141,2.8
7142,2.9
7143,3.0
7144,3.3
7145,3.4
7146,3.2
7147,2.9
7148,1.8
7149,1.5
7150,1.7
7151,1.3
7152,1.1
7153,1.1
7154,1.4
7155,1.3
7156,1.3
7157,1.3
7158,1.3
7159,3.0
7160,0.8
7161,0.9
7162,1.1
7163,1.2
7164,1.2
7165,1.2
7166,1.4
7167,1.6
7168,1.7
7169,1.8
7170,1.8
7171,1.6
7172,1.6
7173,1.6
7174,1.5
7175,1.4
7176,1.4
7177,1.8
7178,1.9
7179,2.4
7180,3.0
7181,3.8
7182,3.4
7183,2.4
7184,2.8
7185,3.3
7186,4.0
7187,4.2
7188,4.4
7189,4.2
7190,4.5
7191,3.1
7192,1.5
7193,3.1
7194,5.3
7195,6.2
7196,6.7
7197,6.9
7198,6.9
7199,7.0
7200,7.2
7201,6.5
7202,5.8
7203,4.7
7204,4.2
7205,4.0
7206,4.1
7207,4.2
7208,4.4
7209,4.6
7210,5.0
7211,5.1
7212,4.9
7213,4.8
7214,5.0
7215,4.8
7216,4.8
7217,4.6
7218,4.0
7219,4.1
7220,6.0
7221,6.4
7222,4.3
7223,4.1
7224,4.2
7225,4.2
7226,4.2
7227,3.9
7228,3.6
7229,3.5
7230,3.8
7231,3.5
7232,3.6
7233,4.0
7234,4.2
7235,4.4
7236,4.7
7237,5.0
7238,4.1
7239,4.2
7240,4.2
7241,4.1
7242,4.2
7243,4.5
7244,4.6
7245,4.4
7246,4.1
7247,4.2
7248,4.2
7249,4.1
7250,4.1
7251,4.9
7252,9.0
7253,8.5
7254,9.1
7255,9.8
7256,10.7
7257,26.1
7258,23.5
7259,9.4
7260,8.6
7261,7.7
7262,6.2
7263,5.1
7264,4.3
7265,4.4
7266,4.0
7267,3.1
7268,1.1
7269,1.0
7270,1.2
7271,1.9
7272,2.8
7273,2.5
7274,2.1
7275,2.4
7276,2.3
7277,2.5
7278,2.3
7279,2.9
7280,3.1
7281,3.2
7282,3.3
7283,3.2
7284,3.4
7285,3.3
7286,3.4
7287,3.7
7288,3.7
7289,3.8
7290,3.9
7291,3.6
7292,3.4
7293,3.6
7294,3.6
7295,3.6
7296,3.5
7297,3.2
7298,2.9
7299,2.8
7300,2.8
7301,3.1
7302,3.3
7303,3.3
7304,3.2
7305,3.2
7306,3.0
7307,3.5
7308,3.8
7309,3.8
7310,3.9
7311,3.9
7312,4.2
7313,4.1
7314,3.4
7315,2.2
7316,1.3
7317,1.6
7318,1.7
7319,1.7
7320,1.8
7321,1.9
7322,2.1
7323,3.2
7324,4.8
7325,3.8
7326,4.0
7327,4.9
7328,3.9
7329,3.9
7330,3.6
7331,3.7
7332,3.7
7333,3.7
7334,3.5
7335,3.8
7336,4.3
7337,4.7
7338,3.4
7339,3.2
7340,2.5
7341,2.0
7342,1.7
7343,1.9
7344,2.3
7345,2.4
7346,3.2
7347,3.8
7348,4.8
7349,5.9
7350,5.8
7351,6.6
7352,7.1
7353,8.8
7354,8.9
7355,7.7
7356,7.3
7357,6.9
7358,6.2
7359,6.3
7360,7.2
7361,7.0
7362,5.2
7363,5.3
7364,4.5
7365,3.9
7366,4.8
7367,5.9
7368,7.0
7369,7.7
7370,8.1
7371,11.3
7372,12.4
7373,11.6
7374,11.1
7375,11.9
7376,11.4
7377,11.0
7378,10.4
7379,10.0
7380,9.7
7381,9.3
7382,8.9
7383,8.9
7384,8.9
7385,8.6
7386,8.9
7387,8.7
7388,8.3
7389,7.7
7390,7.0
7391,6.9
7392,7.0
7393,8.0
7394,7.9
7395,6.6
7396,7.0
7397,8.2
7398,8.9
7399,9.5
7400,10.4
7401,10.5
7402,10.5
7403,10.8
7404,11.5
7405,11.7
7406,11.6
7407,11.8
7408,11.7
7409,10.9
7410,10.8
7411,9.3
7412,8.7
7413,10.1
7414,8.4
7415,7.8
7416,8.0
7417,7.8
7418,8.7
7419,11.6
7420,11.2
7421,12.1
7422,10.9
7423,11.7
7424,14.6
7425,13.4
7426,12.2
7427,12.7
7428,12.5
7429,11.8
7430,12.2
7431,12.0
7432,12.1
7433,12.6
7434,11.5
7435,10.2
7436,9.6
7437,10.9
7438,11.3
7439,10.9
7440,10.1
7441,11.2
7442,12.1
7443,11.1
7444,10.7
7445,11.0
7446,10.7
7447,12.0
7448,12.0
7449,10.4
7450,9.5
7451,9.9
7452,10.1
7453,9.9
7454,10.2
7455,10.3
7456,13.3
7457,9.9
7458,9.9
7459,10.1
7460,10.6
7461,11.0
7462,11.7
7463,13.2
7464,14.7
7465,14.3
7466,14.3
7467,22.1
7468,20.1
7469,20.3
7470,21.3
7471,19.1
7472,8.3
7473,3.3
7474,3.4
7475,3.0
7476,3.0
7477,3.5
7478,3.1
7479,3.5
7480,5.1
7481,4.6
7482,3.6
7483,3.4
7484,3.4
7485,3.3
7486,3.3
7487,3.1
7488,3.1
7489,3.1
7490,4.1
7491,6.6
7492,8.6
7493,8.8
7494,8.4
7495,9.9
7496,11.1
7497,11.7
7498,10.7
7499,11.8
7500,10.4
7501,10.4
7502,12.3
7503,11.0
7504,9.2
7505,8.8
7506,13.0
7507,5.4
7508,2.9
7509,3.0
7510,2.2
7511,2.6
7512,3.0
7513,3.7
7514,3.9
7515,4.1
7516,4.1
7517,4.5
7518,6.1
7519,8.6
7520,9.3
7521,13.6
7522,16.9
7523,18.7
7524,19.3
7525,20.0
7526,19.9
7527,20.4
7528,18.3
7529,16.3
7530,14.7
7531,13.0
7532,9.1
7533,1.6
7534,1.0
7535,1.0
7536,2.5
7537,5.7
7538,6.9
7539,8.5
7540,8.6
7541,9.0
7542,7.7
7543,6.9
7544,4.2
7545,2.9
7546,2.8
7547,3.0
7548,3.0
7549,2.8
7550,3.1
7551,3.3
7552,4.1
7553,4.1
7554,3.6
7555,2.5
7556,1.6
7557,1.0
7558,0.9
7559,1.1
7560,1.0
7561,1.0
7562,1.3
7563,1.9
7564,2.3
7565,2.9
7566,3.5
7567,3.9
7568,4.0
7569,4.1
7570,3.6
7571,2.6
7572,1.8
7573,1.2
7574,1.0
7575,0.9
7576,0.8
7577,0.7
7578,0.9
7579,0.8
7580,1.0
7581,1.0
7582,1.2
7583,1.5
7584,2.2
7585,2.4
7586,3.0
7587,3.0
7588,3.4
7589,3.3
7590,3.3
7591,4.0
7592,4.1
7593,4.3
7594,5.2
7595,4.9
7596,4.3
7597,4.1
7598,5.5
7599,6.5
7600,6.7
7601,6.0
7602,4.8
7603,4.5
7604,1.8
7605,1.6
7606,4.8
7607,4.0
7608,3.0
7609,1.8
7610,1.3
7611,1.7
7612,1.8
7613,1.7
7614,1.6
7615,1.5
7616,1.8
7617,1.9
7618,2.0
7619,1.9
7620,2.1
7621,2.6
7622,3.0
7623,3.4
7624,3.6
7625,3.4
7626,3.3
7627,2.9
7628,2.6
7629,2.4
7630,2.2
7631,2.8
7632,3.1
7633,3.2
7634,4.8
7635,5.8
7636,7.6
7637,6.8
7638,12.4
7639,12.9
7640,8.3
7641,8.8
7642,8.2
7643,7.2
7644,7.1
7645,6.5
7646,5.9
7647,6.3
7648,7.1
7649,7.6
7650,4.9
7651,3.7
7652,4.6
7653,7.9
7654,7.2
7655,8.3
7656,9.2
7657,10.0
7658,10.8
7659,11.1
7660,11.0
7661,11.4
7662,11.8
7663,11.0
7664,11.1
7665,12.7
7666,14.1
7667,15.6
7668,16.1
7669,16.7
7670,17.4
7671,17.7
7672,18.1
7673,18.3
7674,22.0
7675,20.4
7676,12.0
7677,8.0
7678,6.8
7679,7.5
7680,5.7
7681,4.4
7682,3.7
7683,3.8
7684,3.5
7685,3.7
7686,3.5
7687,3.2
7688,3.2
7689,3.5
7690,3.6
7691,3.9
7692,4.5
7693,3.9
7694,4.0
7695,4.3
7696,4.5
7697,4.6
7698,4.6
7699,4.6
7700,4.4
7701,4.5
7702,3.8
7703,3.2
7704,2.2
7705,1.8
7706,1.3
7707,1.1
7708,1.2
7709,1.3
7710,1.5
7711,1.6
7712,1.8
7713,1.8
7714,1.9
7715,1.9
7716,2.3
7717,2.4
7718,2.9
7719,3.5
7720,4.1
7721,4.3
7722,3.9
7723,2.7
7724,2.9
7725,3.3
7726,3.7
7727,3.8
7728,4.0
7729,4.4
7730,4.8
7731,5.6
7732,5.8
7733,6.4
7734,6.5
7735,7.0
7736,6.9
7737,7.2
7738,7.5
7739,7.5
7740,7.5
7741,7.2
7742,7.2
7743,7.3
7744,7.5
7745,7.7
7746,7.7
7747,7.7
7748,8.0
7749,7.8
7750,8.2
7751,8.2
7752,8.3
7753,9.0
7754,10.0
7755,10.4
7756,13.0
7757,13.3
7758,14.6
7759,18.4
7760,17.3
7761,19.3
7762,18.9
7763,17.8
7764,16.1
7765,16.5
7766,16.1
7767,13.7
7768,11.9
7769,11.1
7770,11.7
7771,11.2
7772,11.6
7773,10.3
7774,5.8
7775,5.0
7776,6.2
7777,4.8
7778,3.4
7779,2.5
7780,2.1
7781,2.1
7782,2.1
7783,2.1
7784,1.9
7785,2.1
7786,2.3
7787,2.5
7788,2.4
7789,2.7
7790,2.9
7791,2.9
7792,3.1
7793,2.4
7794,2.0
7795,1.8
7796,1.8
7797,2.1
7798,2.2
7799,1.7
7800,1.9
7801,2.1
7802,2.5
7803,2.8
7804,3.3
7805,3.3
7806,3.6
7807,4.0
7808,4.6
7809,4.7
7810,4.8
7811,5.2
7812,6.1
7813,6.3
7814,5.8
7815,6.3
7816,5.8
7817,5.5
7818,4.9
7819,5.2
7820,6.7
7821,5.8
7822,6.2
7823,6.2
7824,6.5
7825,7.2
7826,13.5
7827,10.6
7828,6.7
7829,7.1
7830,6.5
7831,6.2
7832,5.9
7833,5.7
7834,5.8
7835,5.8
7836,5.9
7837,6.1
7838,5.8
7839,5.8
7840,5.9
7841,5.9
7842,6.0
7843,6.4
7844,6.3
7845,6.0
7846,6.8
7847,7.5
7848,7.3
7849,7.8
7850,8.7
7851,8.7
7852,9.7
7853,11.0
7854,12.0
7855,12.6
7856,13.7
7857,12.2
7858,11.3
7859,10.9
7860,9.8
7861,10.3
7862,10.4
7863,10.3
7864,9.1
7865,7.7
7866,7.7
7867,5.5
7868,3.5
7869,1.1
7870,0.9
7871,1.1
7872,1.5
7873,1.8
7874,1.6
7875,1.2
7876,1.4
7877,1.3
7878,1.5
7879,1.1
7880,1.0
7881,1.2
7882,1.0
7883,1.3
7884,1.6
7885,1.8
7886,2.2
7887,2.4
7888,2.8
7889,2.8
7890,2.5
7891,2.4
7892,2.2
7893,2.3
7894,2.5
7895,2.3
7896,1.9
7897,2.8
7898,3.3
7899,3.6
7900,4.9
7901,4.9
7902,5.2
7903,6.6
7904,6.7
7905,5.2
7906,5.3
7907,5.4
7908,5.1
7909,5.3
7910,5.6
7911,5.6
7912,5.5
7913,5.1
7914,4.8
7915,4.7
7916,5.0
7917,5.2
7918,5.6
7919,5.9
7920,6.6
7921,7.3
7922,8.5
7923,9.9
7924,9.1
7925,8.0
7926,8.5
7927,9.3
7928,8.7
7929,9.1
7930,8.3
7931,7.5
7932,7.2
7933,6.5
7934,5.2
7935,4.8
7936,4.6
7937,4.0
7938,2.7
7939,1.6
7940,1.5
7941,1.4
7942,1.3
7943,1.3
7944,1.2
7945,1.6
7946,3.0
7947,3.4
7948,3.1
7949,2.9
7950,3.7
7951,4.7
7952,3.8
7953,4.5
7954,5.6
7955,6.3
7956,6.7
7957,6.5
7958,6.0
7959,6.2
7960,6.6
7961,5.7
7962,5.0
7963,3.7
7964,4.9
7965,3.8
7966,4.3
7967,4.5
7968,5.9
7969,5.9
7970,6.4
7971,4.9
7972,5.6
7973,5.9
7974,6.6
7975,7.1
7976,7.3
7977,7.6
7978,8.3
7979,11.5
7980,13.2
7981,13.6
7982,12.9
7983,15.4
7984,16.5
7985,12.8
7986,7.9
7987,6.4
7988,5.5
7989,4.8
7990,3.9
7991,3.9
7992,3.9
7993,4.1
7994,4.4
7995,6.2
7996,6.1
7997,6.5
7998,7.9
7999,6.5
8000,8.6
8001,7.3
8002,8.1
8003,7.8
8004,6.6
8005,5.8
8006,5.2
8007,4.9
8008,3.2
8009,3.6
8010,6.2
8011,5.8
8012,9.5
8013,9.0
8014,9.4
8015,9.2
8016,10.4
8017,10.5
8018,12.7
8019,15.3
8020,15.1
8021,13.5
8022,10.2
8023,8.1
8024,5.9
8025,5.8
8026,5.2
8027,4.8
8028,4.6
8029,4.4
8030,3.7
8031,3.2
8032,2.2
8033,2.0
8034,2.4
8035,2.4
8036,2.0
8037,1.8
8038,1.6
8039,1.6
8040,1.6
8041,2.1
8042,3.9
8043,4.3
8044,3.9
8045,4.0
8046,3.5
8047,3.4
8048,4.3
8049,4.5
8050,4.9
8051,5.7
8052,6.1
8053,5.9
8054,4.3
8055,3.8
8056,3.8
8057,2.0
8058,1.0
8059,2.9
8060,3.8
8061,7.9
8062,6.5
8063,5.1
8064,4.8
8065,5.0
8066,5.5
8067,6.4
8068,6.8
8069,8.8
8070,9.1
8071,7.3
8072,7.1
8073,8.2
8074,8.8
8075,8.7
8076,8.7
8077,7.7
8078,6.2
8079,4.1
8080,3.5
8081,3.3
8082,3.9
8083,5.0
8084,3.2
8085,2.4
8086,1.6
8087,1.8
8088,2.2
8089,2.1
8090,2.6
8091,2.9
8092,3.0
8093,3.1
8094,3.4
8095,3.9
8096,3.6
8097,3.4
8098,3.2
8099,2.6
8100,1.7
8101,1.7
8102,1.7
8103,1.8
8104,2.3
8105,2.8
8106,3.0
8107,2.9
8108,2.7
8109,3.2
8110,3.4
8111,3.2
8112,3.5
8113,3.4
8114,6.8
8115,9.7
8116,11.1
8117,9.3
8118,9.4
8119,11.3
8120,11.5
8121,11.1
8122,9.4
8123,6.3
8124,4.3
8125,4.7
8126,5.7
8127,3.6
8128,2.3
8129,1.9
8130,2.0
8131,2.8
8132,3.0
8133,3.3
8134,3.8
8135,4.6
8136,4.0
8137,3.3
8138,3.1
8139,2.8
8140,2.7
8141,2.9
8142,3.0
8143,2.9
8144,2.9
8145,3.4
8146,3.1
8147,3.1
8148,3.2
8149,3.2
8150,3.2
8151,3.6
8152,3.4
8153,3.4
8154,3.2
8155,5.9
8156,3.9
8157,3.2
8158,3.3
8159,3.5
8160,3.8
8161,3.9
8162,4.2
8163,4.4
8164,4.9
8165,5.0
8166,6.3
8167,5.2
8168,5.5
8169,5.5
8170,6.1
8171,5.5
8172,5.0
8173,5.1
8174,4.7
8175,5.2
8176,5.6
8177,5.3
8178,6.4
8179,8.0
8180,8.2
8181,8.7
8182,8.9
8183,9.1
8184,7.5
8185,8.2
8186,8.7
8187,8.9
8188,11.7
8189,12.6
8190,10.4
8191,8.1
8192,7.2
8193,7.6
8194,9.2
8195,9.8
8196,10.8
8197,14.5
8198,18.7
8199,18.2
8200,15.0
8201,14.3
8202,13.7
8203,12.6
8204,11.0
8205,10.5
8206,10.4
8207,8.7
8208,8.3
8209,8.8
8210,10.2
8211,10.8
8212,12.3
8213,13.1
8214,12.2
8215,11.2
8216,11.3
8217,12.2
8218,12.7
8219,13.9
8220,14.6
8221,16.1
8222,18.1
8223,18.8
8224,19.9
8225,19.4
8226,18.9
8227,18.6
8228,14.8
8229,12.9
8230,14.2
8231,16.1
8232,17.3
8233,16.9
8234,16.9
8235,13.3
8236,11.7
8237,8.8
8238,7.2
8239,5.9
8240,6.7
8241,7.0
8242,7.6
8243,4.4
8244,3.9
8245,3.1
8246,0.6
8247,0.4
8248,0.4
8249,0.8
8250,1.2
8251,2.0
8252,2.9
8253,2.8
8254,3.0
8255,3.5
8256,3.5
8257,3.6
8258,4.0
8259,4.3
8260,4.7
8261,4.9
8262,5.1
8263,4.6
8264,4.4
8265,5.7
8266,5.4
8267,4.4
8268,4.3
8269,4.3
8270,4.3
8271,4.4
8272,3.8
8273,3.8
8274,3.7
8275,3.9
8276,3.9
8277,3.8
8278,3.8
8279,3.7
8280,3.9
8281,4.3
8282,4.2
8283,3.8
8284,3.5
8285,3.5
8286,3.4
8287,3.3
8288,3.4
8289,3.2
8290,3.4
8291,3.2
8292,3.6
8293,3.4
8294,3.6
8295,3.8
8296,4.0
8297,4.5
8298,4.9
8299,5.5
8300,5.7
8301,6.3
8302,6.3
8303,7.2
8304,7.4
8305,9.6
8306,8.8
8307,10.0
8308,13.2
8309,11.8
8310,10.4
8311,11.0
8312,11.2
8313,12.4
8314,13.5
8315,12.8
8316,14.8
8317,16.1
8318,15.5
8319,15.3
8320,15.2
8321,15.0
8322,16.6
8323,16.1
8324,15.3
8325,15.2
8326,14.9
8327,15.3
8328,15.5
8329,13.9
8330,10.6
8331,11.4
8332,11.7
8333,12.1
8334,12.0
8335,11.2
8336,8.3
8337,9.9
8338,7.2
8339,8.2
8340,12.6
8341,14.4
8342,14.7
8343,12.9
8344,10.5
8345,11.4
8346,11.9
8347,12.7
8348,11.1
8349,10.7
8350,10.6
8351,10.7
8352,10.9
8353,11.7
8354,11.3
8355,9.7
8356,8.4
8357,8.0
8358,7.1
8359,7.2
8360,11.2
8361,53.4
8362,43.5
8363,8.4
8364,8.4
8365,11.4
8366,11.6
8367,11.6
8368,10.4
8369,9.2
8370,10.3
8371,9.7
8372,8.7
8373,6.5
8374,5.9
8375,6.0
8376,6.1
8377,5.4
8378,5.3
8379,5.4
8380,5.1
8381,5.1
8382,5.0
8383,5.2
8384,5.0
8385,5.0
8386,5.2
8387,5.6
8388,5.7
8389,6.0
8390,5.9
8391,6.5
8392,6.2
8393,6.0
8394,5.8
8395,6.4
8396,6.7
8397,5.9
8398,5.6
8399,5.2
8400,4.9
8401,4.3
8402,3.5
8403,3.5
8404,3.2
8405,4.5
8406,5.4
8407,5.6
8408,6.5
8409,7.1
8410,6.9
8411,6.9
8412,7.2
8413,6.9
8414,7.2
8415,5.7
8416,5.2
8417,5.4
8418,5.3
8419,4.6
8420,4.0
8421,3.7
8422,7.4
8423,8.6
8424,3.1
8425,3.0
8426,3.1
8427,3.3
8428,4.9
8429,5.6
8430,4.6
8431,5.4
8432,4.8
8433,4.5
8434,4.2
8435,4.3
8436,5.3
8437,5.9
8438,5.1
8439,5.0
8440,5.6
8441,5.9
8442,6.6
8443,7.2
8444,7.5
8445,6.9
8446,7.7
8447,8.3
8448,8.0
8449,10.2
8450,10.5
8451,11.1
8452,11.2
8453,10.3
8454,8.8
8455,8.9
8456,10.0
8457,11.5
8458,12.0
8459,13.2
8460,13.5
8461,14.1
8462,15.0
8463,15.7
8464,15.5
8465,15.0
8466,14.7
8467,15.2
8468,15.3
8469,14.8
8470,14.1
8471,14.1
8472,25.9
8473,26.1
8474,15.6
8475,11.3
8476,8.7
8477,7.0
8478,5.8
8479,4.7
8480,4.1
8481,4.3
8482,4.5
8483,4.8
8484,5.0
8485,5.4
8486,6.3
8487,8.0
8488,7.1
8489,6.4
8490,8.9
8491,14.6
8492,16.6
8493,14.4
8494,13.1
8495,11.1
8496,10.9
8497,10.0
8498,9.0
8499,9.0
8500,10.4
8501,11.8
8502,10.4
8503,9.1
8504,8.6
8505,7.7
8506,6.6
8507,6.5
8508,7.2
8509,8.0
8510,8.8
8511,8.3
8512,6.9
8513,6.4
8514,5.7
8515,4.7
8516,4.4
8517,3.9
8518,4.3
8519,4.6
8520,6.8
8521,9.8
8522,6.0
8523,6.7
8524,14.8
8525,11.5
8526,9.0
8527,8.2
8528,7.2
8529,5.7
8530,5.1
8531,5.7
8532,4.7
8533,4.7
8534,5.2
8535,5.6
8536,5.8
8537,5.9
8538,5.9
8539,6.6
8540,7.5
8541,8.1
8542,8.8
8543,9.1
8544,13.2
8545,11.3
8546,11.2
8547,13.4
8548,14.6
8549,16.6
8550,17.2
8551,19.2
8552,20.4
8553,21.3
8554,22.8
8555,21.9
8556,23.4
8557,23.9
8558,25.8
8559,24.3
8560,19.5
8561,21.5
8562,20.3
8563,15.0
8564,12.1
8565,10.2
8566,10.7
8567,11.5
8568,11.0
8569,11.0
8570,11.7
8571,13.0
8572,14.8
8573,16.7
8574,18.1
8575,16.0
8576,15.8
8577,16.4
8578,16.0
8579,14.8
8580,12.4
8581,10.5
8582,8.1
8583,6.8
8584,5.9
8585,4.6
8586,4.2
8587,3.6
8588,4.0
8589,3.5
8590,3.9
8591,4.9
8592,4.9
8593,5.5
8594,5.9
8595,5.9
8596,6.3
8597,7.3
8598,6.5
8599,6.3
8600,6.0
8601,5.7
8602,5.5
8603,5.2
8604,5.0
8605,5.0
8606,5.1
8607,5.2
8608,5.3
8609,4.2
8610,3.6
8611,4.1
8612,4.2
8613,4.1
8614,3.2
8615,2.7
8616,2.0
8617,2.4
8618,3.1
8619,3.5
8620,4.7
8621,4.7
8622,4.7
8623,4.3
8624,3.8
8625,4.1
8626,3.3
8627,5.8
8628,6.3
8629,8.0
8630,8.1
8631,8.8
8632,7.5
8633,4.9
8634,4.8
8635,5.0
8636,5.4
8637,5.7
8638,6.1
8639,6.2
8640,6.4
8641,6.6
8642,6.6
8643,6.8
8644,6.7
8645,6.9
8646,7.0
8647,6.9
8648,6.0
8649,5.5
8650,5.8
8651,5.7
8652,5.2
8653,5.4
8654,5.2
8655,7.0
8656,9.1
8657,7.3
8658,5.4
8659,4.1
8660,3.8
8661,3.6
8662,4.9
8663,5.1
8664,6.8
8665,7.3
8666,7.0
8667,9.8
8668,11.7
8669,11.1
8670,11.4
8671,11.0
8672,11.3
8673,11.4
8674,12.4
8675,12.6
8676,11.7
8677,8.2
8678,8.3
8679,9.1
8680,10.0
8681,9.6
8682,10.7
8683,10.3
8684,9.1
8685,8.9
8686,9.0
8687,9.0
8688,8.7
8689,8.2
8690,8.1
8691,8.2
8692,7.8
8693,7.6
8694,8.1
8695,8.9
8696,9.5
8697,9.5
8698,9.7
8699,11.5
8700,10.4
8701,11.3
8702,12.6
8703,11.6
8704,11.5
8705,13.1
8706,13.6
8707,15.2
8708,14.5
8709,16.0
8710,20.1
8711,20.0
8712,21.0
8713,23.5
8714,22.8
8715,13.9
8716,12.5
8717,14.2
8718,14.6
8719,14.9
8720,14.8
8721,14.7
8722,15.2
8723,16.0
8724,15.7
8725,14.2
8726,15.3
8727,20.5
8728,19.8
8729,21.1
8730,19.6
8731,19.2
8732,19.0
8733,18.7
8734,16.4
8735,16.4
8736,16.4
8737,16.4
8738,16.4
8739,16.4
8740,16.4
8741,16.4
8742,16.4
8743,16.4
8744,16.4
8745,16.4
8746,16.4
8747,16.4
8748,16.4
8749,16.4
8750,16.4
8751,16.4
8752,16.4
8753,16.4
8754,16.4
8755,16.4
8756,16.4
8757,16.4
8758,16.4
8759,16.4
